<?xml version="1.0" encoding="UTF-8"?>
<config xmlns="http://www.knime.org/2008/09/XMLConfig" xmlns:xsi="http://www.w3.org/2001/XMLSchema-instance" xsi:schemaLocation="http://www.knime.org/2008/09/XMLConfig http://www.knime.org/XMLConfig_2008_09.xsd" key="model.xml">
    <entry key="version" type="xint" value="1"/>
    <entry key="class_name" type="xstring" value="org.knime.base.algorithms.outlier.NumericOutliersPortObject"/>
    <config key="model">
        <entry key="summary" type="xstring" value="Outlier treatment for columns: &quot;amount_tsh&quot;, &quot;date_recorded&quot;, &quot;funder&quot;,  ... &lt;24 more&gt;"/>
        <config key="group-col-types">
            <entry key="array-size" type="xint" value="0"/>
        </config>
        <config key="outlier-treatment">
            <entry key="outlier-treatment" type="xstring" value="Remove outlier rows"/>
            <entry key="replacement-strategy" type="xstring" value="Missing values"/>
            <entry key="detection-option" type="xstring" value="All outliers"/>
            <entry key="update-domain" type="xboolean" value="false"/>
        </config>
        <config key="permitted intervals">
            <config key="groups">
                <entry key="array-size" type="xint" value="0"/>
            </config>
            <config key="outliers">
                <entry key="array-size" type="xint" value="27"/>
                <entry key="0" type="xstring" value="amount_tsh"/>
                <entry key="1" type="xstring" value="date_recorded"/>
                <entry key="2" type="xstring" value="funder"/>
                <entry key="3" type="xstring" value="gps_height"/>
                <entry key="4" type="xstring" value="installer"/>
                <entry key="5" type="xstring" value="longitude"/>
                <entry key="6" type="xstring" value="latitude"/>
                <entry key="7" type="xstring" value="wpt_name"/>
                <entry key="8" type="xstring" value="num_private"/>
                <entry key="9" type="xstring" value="subvillage"/>
                <entry key="10" type="xstring" value="region"/>
                <entry key="11" type="xstring" value="region_code"/>
                <entry key="12" type="xstring" value="lga"/>
                <entry key="13" type="xstring" value="ward"/>
                <entry key="14" type="xstring" value="population"/>
                <entry key="15" type="xstring" value="public_meeting"/>
                <entry key="16" type="xstring" value="recorded_by"/>
                <entry key="17" type="xstring" value="scheme_name"/>
                <entry key="18" type="xstring" value="permit"/>
                <entry key="19" type="xstring" value="construction_year"/>
                <entry key="20" type="xstring" value="extraction_type"/>
                <entry key="21" type="xstring" value="management"/>
                <entry key="22" type="xstring" value="payment"/>
                <entry key="23" type="xstring" value="water_quality"/>
                <entry key="24" type="xstring" value="quantity"/>
                <entry key="25" type="xstring" value="source"/>
                <entry key="26" type="xstring" value="waterpoint_type"/>
            </config>
            <config key="data">
                <config key="row0">
                    <config key="key">
                        <config key="group-key">
                            <entry key="array-size" type="xint" value="0"/>
                        </config>
                    </config>
                    <config key="interval-columns">
                        <config key="interval0">
                            <entry key="outlier" type="xstring" value="funder"/>
                            <config key="interval">
                                <entry key="array-size" type="xint" value="2"/>
                                <entry key="0" type="xdouble" value="-5.089772308476249"/>
                                <entry key="1" type="xdouble" value="4.8236473528617205"/>
                            </config>
                        </config>
                        <config key="interval1">
                            <entry key="outlier" type="xstring" value="num_private"/>
                            <config key="interval">
                                <entry key="array-size" type="xint" value="2"/>
                                <entry key="0" type="xdouble" value="-0.0803746461879065"/>
                                <entry key="1" type="xdouble" value="-0.0803746461879065"/>
                            </config>
                        </config>
                        <config key="interval2">
                            <entry key="outlier" type="xstring" value="subvillage"/>
                            <config key="interval">
                                <entry key="array-size" type="xint" value="2"/>
                                <entry key="0" type="xdouble" value="-6.207577234499196"/>
                                <entry key="1" type="xdouble" value="6.197622483298091"/>
                            </config>
                        </config>
                        <config key="interval3">
                            <entry key="outlier" type="xstring" value="latitude"/>
                            <config key="interval">
                                <entry key="array-size" type="xint" value="2"/>
                                <entry key="0" type="xdouble" value="-5.970794864879192"/>
                                <entry key="1" type="xdouble" value="5.901464308976574"/>
                            </config>
                        </config>
                        <config key="interval4">
                            <entry key="outlier" type="xstring" value="lga"/>
                            <config key="interval">
                                <entry key="array-size" type="xint" value="2"/>
                                <entry key="0" type="xdouble" value="-5.890591591765831"/>
                                <entry key="1" type="xdouble" value="5.851919855951734"/>
                            </config>
                        </config>
                        <config key="interval5">
                            <entry key="outlier" type="xstring" value="wpt_name"/>
                            <config key="interval">
                                <entry key="array-size" type="xint" value="2"/>
                                <entry key="0" type="xdouble" value="-6.535948303585535"/>
                                <entry key="1" type="xdouble" value="6.390321134070786"/>
                            </config>
                        </config>
                        <config key="interval6">
                            <entry key="outlier" type="xstring" value="ward"/>
                            <config key="interval">
                                <entry key="array-size" type="xint" value="2"/>
                                <entry key="0" type="xdouble" value="-6.2076314568738225"/>
                                <entry key="1" type="xdouble" value="6.204324195963189"/>
                            </config>
                        </config>
                        <config key="interval7">
                            <entry key="outlier" type="xstring" value="source"/>
                            <config key="interval">
                                <entry key="array-size" type="xint" value="2"/>
                                <entry key="0" type="xdouble" value="-6.29106121487791"/>
                                <entry key="1" type="xdouble" value="6.066380457203697"/>
                            </config>
                        </config>
                        <config key="interval8">
                            <entry key="outlier" type="xstring" value="gps_height"/>
                            <config key="interval">
                                <entry key="array-size" type="xint" value="2"/>
                                <entry key="0" type="xdouble" value="-6.557300941635027"/>
                                <entry key="1" type="xdouble" value="6.572089234004237"/>
                            </config>
                        </config>
                        <config key="interval9">
                            <entry key="outlier" type="xstring" value="recorded_by"/>
                            <config key="interval">
                                <entry key="array-size" type="xint" value="2"/>
                                <entry key="0" type="xdouble" value="0.0"/>
                                <entry key="1" type="xdouble" value="0.0"/>
                            </config>
                        </config>
                        <config key="interval10">
                            <entry key="outlier" type="xstring" value="public_meeting"/>
                            <config key="interval">
                                <entry key="array-size" type="xint" value="2"/>
                                <entry key="0" type="xdouble" value="-0.31594015543799087"/>
                                <entry key="1" type="xdouble" value="-0.31594015543799087"/>
                            </config>
                        </config>
                        <config key="interval11">
                            <entry key="outlier" type="xstring" value="payment"/>
                            <config key="interval">
                                <entry key="array-size" type="xint" value="2"/>
                                <entry key="0" type="xdouble" value="-4.694759494469459"/>
                                <entry key="1" type="xdouble" value="4.878770194994214"/>
                            </config>
                        </config>
                        <config key="interval12">
                            <entry key="outlier" type="xstring" value="longitude"/>
                            <config key="interval">
                                <entry key="array-size" type="xint" value="2"/>
                                <entry key="0" type="xdouble" value="-2.339999546294883"/>
                                <entry key="1" type="xdouble" value="2.5963308921502"/>
                            </config>
                        </config>
                        <config key="interval13">
                            <entry key="outlier" type="xstring" value="quantity"/>
                            <config key="interval">
                                <entry key="array-size" type="xint" value="2"/>
                                <entry key="0" type="xdouble" value="-3.7191523697390885"/>
                                <entry key="1" type="xdouble" value="3.324003864149495"/>
                            </config>
                        </config>
                        <config key="interval14">
                            <entry key="outlier" type="xstring" value="waterpoint_type"/>
                            <config key="interval">
                                <entry key="array-size" type="xint" value="2"/>
                                <entry key="0" type="xdouble" value="-6.498004440346264"/>
                                <entry key="1" type="xdouble" value="6.61379697230212"/>
                            </config>
                        </config>
                        <config key="interval15">
                            <entry key="outlier" type="xstring" value="population"/>
                            <config key="interval">
                                <entry key="array-size" type="xint" value="2"/>
                                <entry key="0" type="xdouble" value="-1.695617026424236"/>
                                <entry key="1" type="xdouble" value="1.400435370093013"/>
                            </config>
                        </config>
                        <config key="interval16">
                            <entry key="outlier" type="xstring" value="scheme_name"/>
                            <config key="interval">
                                <entry key="array-size" type="xint" value="2"/>
                                <entry key="0" type="xdouble" value="-4.93886576484857"/>
                                <entry key="1" type="xdouble" value="4.851781279450218"/>
                            </config>
                        </config>
                        <config key="interval17">
                            <entry key="outlier" type="xstring" value="construction_year"/>
                            <config key="interval">
                                <entry key="array-size" type="xint" value="2"/>
                                <entry key="0" type="xdouble" value="-7.718525360548985"/>
                                <entry key="1" type="xdouble" value="7.069701504789943"/>
                            </config>
                        </config>
                        <config key="interval18">
                            <entry key="outlier" type="xstring" value="installer"/>
                            <config key="interval">
                                <entry key="array-size" type="xint" value="2"/>
                                <entry key="0" type="xdouble" value="-4.936881747880629"/>
                                <entry key="1" type="xdouble" value="4.7863743440013735"/>
                            </config>
                        </config>
                        <config key="interval19">
                            <entry key="outlier" type="xstring" value="amount_tsh"/>
                            <config key="interval">
                                <entry key="array-size" type="xint" value="2"/>
                                <entry key="0" type="xdouble" value="-0.2965742863731609"/>
                                <entry key="1" type="xdouble" value="-0.23761268819755493"/>
                            </config>
                        </config>
                        <config key="interval20">
                            <entry key="outlier" type="xstring" value="management"/>
                            <config key="interval">
                                <entry key="array-size" type="xint" value="2"/>
                                <entry key="0" type="xdouble" value="-0.057601057960509294"/>
                                <entry key="1" type="xdouble" value="-0.057601057960509294"/>
                            </config>
                        </config>
                        <config key="interval21">
                            <entry key="outlier" type="xstring" value="permit"/>
                            <config key="interval">
                                <entry key="array-size" type="xint" value="2"/>
                                <entry key="0" type="xdouble" value="-7.060812917177696"/>
                                <entry key="1" type="xdouble" value="7.761504275370902"/>
                            </config>
                        </config>
                        <config key="interval22">
                            <entry key="outlier" type="xstring" value="extraction_type"/>
                            <config key="interval">
                                <entry key="array-size" type="xint" value="2"/>
                                <entry key="0" type="xdouble" value="-5.970473840078784"/>
                                <entry key="1" type="xdouble" value="6.079392108916454"/>
                            </config>
                        </config>
                        <config key="interval23">
                            <entry key="outlier" type="xstring" value="date_recorded"/>
                            <config key="interval">
                                <entry key="array-size" type="xint" value="2"/>
                                <entry key="0" type="xdouble" value="-5.809836929077182"/>
                                <entry key="1" type="xdouble" value="5.762575185211698"/>
                            </config>
                        </config>
                        <config key="interval24">
                            <entry key="outlier" type="xstring" value="water_quality"/>
                            <config key="interval">
                                <entry key="array-size" type="xint" value="2"/>
                                <entry key="0" type="xdouble" value="-0.3706224136504644"/>
                                <entry key="1" type="xdouble" value="-0.3706224136504644"/>
                            </config>
                        </config>
                        <config key="interval25">
                            <entry key="outlier" type="xstring" value="region"/>
                            <config key="interval">
                                <entry key="array-size" type="xint" value="2"/>
                                <entry key="0" type="xdouble" value="-6.241512461313167"/>
                                <entry key="1" type="xdouble" value="6.3055067030962215"/>
                            </config>
                        </config>
                        <config key="interval26">
                            <entry key="outlier" type="xstring" value="region_code"/>
                            <config key="interval">
                                <entry key="array-size" type="xint" value="2"/>
                                <entry key="0" type="xdouble" value="-2.429823624664588"/>
                                <entry key="1" type="xdouble" value="1.954906140959346"/>
                            </config>
                        </config>
                    </config>
                </config>
            </config>
        </config>
    </config>
</config>
