<?xml version="1.0" encoding="UTF-8"?>
<config xmlns="http://www.knime.org/2008/09/XMLConfig" xmlns:xsi="http://www.w3.org/2001/XMLSchema-instance" xsi:schemaLocation="http://www.knime.org/2008/09/XMLConfig http://www.knime.org/XMLConfig_2008_09.xsd" key="model.xml">
    <entry key="version" type="xint" value="1"/>
    <entry key="class_name" type="xstring" value="org.knime.base.algorithms.outlier.NumericOutliersPortObject"/>
    <config key="model">
        <entry key="summary" type="xstring" value="Outlier treatment for columns: &quot;amount_tsh&quot;, &quot;date_recorded&quot;, &quot;funder&quot;,  ... &lt;24 more&gt;"/>
        <config key="group-col-types">
            <entry key="array-size" type="xint" value="0"/>
        </config>
        <config key="outlier-treatment">
            <entry key="outlier-treatment" type="xstring" value="Remove outlier rows"/>
            <entry key="replacement-strategy" type="xstring" value="Missing values"/>
            <entry key="detection-option" type="xstring" value="All outliers"/>
            <entry key="update-domain" type="xboolean" value="false"/>
        </config>
        <config key="permitted intervals">
            <config key="groups">
                <entry key="array-size" type="xint" value="0"/>
            </config>
            <config key="outliers">
                <entry key="array-size" type="xint" value="27"/>
                <entry key="0" type="xstring" value="amount_tsh"/>
                <entry key="1" type="xstring" value="date_recorded"/>
                <entry key="2" type="xstring" value="funder"/>
                <entry key="3" type="xstring" value="gps_height"/>
                <entry key="4" type="xstring" value="installer"/>
                <entry key="5" type="xstring" value="longitude"/>
                <entry key="6" type="xstring" value="latitude"/>
                <entry key="7" type="xstring" value="wpt_name"/>
                <entry key="8" type="xstring" value="num_private"/>
                <entry key="9" type="xstring" value="subvillage"/>
                <entry key="10" type="xstring" value="region"/>
                <entry key="11" type="xstring" value="region_code"/>
                <entry key="12" type="xstring" value="lga"/>
                <entry key="13" type="xstring" value="ward"/>
                <entry key="14" type="xstring" value="population"/>
                <entry key="15" type="xstring" value="public_meeting"/>
                <entry key="16" type="xstring" value="recorded_by"/>
                <entry key="17" type="xstring" value="scheme_name"/>
                <entry key="18" type="xstring" value="permit"/>
                <entry key="19" type="xstring" value="construction_year"/>
                <entry key="20" type="xstring" value="extraction_type"/>
                <entry key="21" type="xstring" value="management"/>
                <entry key="22" type="xstring" value="payment"/>
                <entry key="23" type="xstring" value="water_quality"/>
                <entry key="24" type="xstring" value="quantity"/>
                <entry key="25" type="xstring" value="source"/>
                <entry key="26" type="xstring" value="waterpoint_type"/>
            </config>
            <config key="data">
                <config key="row0">
                    <config key="key">
                        <config key="group-key">
                            <entry key="array-size" type="xint" value="0"/>
                        </config>
                    </config>
                    <config key="interval-columns">
                        <config key="interval0">
                            <entry key="outlier" type="xstring" value="funder"/>
                            <config key="interval">
                                <entry key="array-size" type="xint" value="2"/>
                                <entry key="0" type="xdouble" value="-1.9013785837450876"/>
                                <entry key="1" type="xdouble" value="1.3927564299488435"/>
                            </config>
                        </config>
                        <config key="interval1">
                            <entry key="outlier" type="xstring" value="num_private"/>
                            <config key="interval">
                                <entry key="array-size" type="xint" value="2"/>
                                <entry key="0" type="xdouble" value="-0.037893206482107575"/>
                                <entry key="1" type="xdouble" value="-0.037893206482107575"/>
                            </config>
                        </config>
                        <config key="interval2">
                            <entry key="outlier" type="xstring" value="subvillage"/>
                            <config key="interval">
                                <entry key="array-size" type="xint" value="2"/>
                                <entry key="0" type="xdouble" value="-5.6924832672837145"/>
                                <entry key="1" type="xdouble" value="5.517555493591329"/>
                            </config>
                        </config>
                        <config key="interval3">
                            <entry key="outlier" type="xstring" value="latitude"/>
                            <config key="interval">
                                <entry key="array-size" type="xint" value="2"/>
                                <entry key="0" type="xdouble" value="-6.332178035844099"/>
                                <entry key="1" type="xdouble" value="6.189384214758458"/>
                            </config>
                        </config>
                        <config key="interval4">
                            <entry key="outlier" type="xstring" value="lga"/>
                            <config key="interval">
                                <entry key="array-size" type="xint" value="2"/>
                                <entry key="0" type="xdouble" value="-5.658854837394271"/>
                                <entry key="1" type="xdouble" value="5.59470840503136"/>
                            </config>
                        </config>
                        <config key="interval5">
                            <entry key="outlier" type="xstring" value="wpt_name"/>
                            <config key="interval">
                                <entry key="array-size" type="xint" value="2"/>
                                <entry key="0" type="xdouble" value="-6.434817849569649"/>
                                <entry key="1" type="xdouble" value="6.300838406362795"/>
                            </config>
                        </config>
                        <config key="interval6">
                            <entry key="outlier" type="xstring" value="ward"/>
                            <config key="interval">
                                <entry key="array-size" type="xint" value="2"/>
                                <entry key="0" type="xdouble" value="-5.60802023146237"/>
                                <entry key="1" type="xdouble" value="5.481167108612653"/>
                            </config>
                        </config>
                        <config key="interval7">
                            <entry key="outlier" type="xstring" value="source"/>
                            <config key="interval">
                                <entry key="array-size" type="xint" value="2"/>
                                <entry key="0" type="xdouble" value="-1.8974733835919375"/>
                                <entry key="1" type="xdouble" value="2.3477880190927296"/>
                            </config>
                        </config>
                        <config key="interval8">
                            <entry key="outlier" type="xstring" value="gps_height"/>
                            <config key="interval">
                                <entry key="array-size" type="xint" value="2"/>
                                <entry key="0" type="xdouble" value="-6.667751467063629"/>
                                <entry key="1" type="xdouble" value="6.6395452055950415"/>
                            </config>
                        </config>
                        <config key="interval9">
                            <entry key="outlier" type="xstring" value="recorded_by"/>
                            <config key="interval">
                                <entry key="array-size" type="xint" value="2"/>
                                <entry key="0" type="xdouble" value="0.0"/>
                                <entry key="1" type="xdouble" value="0.0"/>
                            </config>
                        </config>
                        <config key="interval10">
                            <entry key="outlier" type="xstring" value="public_meeting"/>
                            <config key="interval">
                                <entry key="array-size" type="xint" value="2"/>
                                <entry key="0" type="xdouble" value="-0.3005589723014794"/>
                                <entry key="1" type="xdouble" value="-0.3005589723014794"/>
                            </config>
                        </config>
                        <config key="interval11">
                            <entry key="outlier" type="xstring" value="payment"/>
                            <config key="interval">
                                <entry key="array-size" type="xint" value="2"/>
                                <entry key="0" type="xdouble" value="-6.9382138196319225"/>
                                <entry key="1" type="xdouble" value="7.222027356043576"/>
                            </config>
                        </config>
                        <config key="interval12">
                            <entry key="outlier" type="xstring" value="longitude"/>
                            <config key="interval">
                                <entry key="array-size" type="xint" value="2"/>
                                <entry key="0" type="xdouble" value="-2.163633016427961"/>
                                <entry key="1" type="xdouble" value="2.452460178914859"/>
                            </config>
                        </config>
                        <config key="interval13">
                            <entry key="outlier" type="xstring" value="quantity"/>
                            <config key="interval">
                                <entry key="array-size" type="xint" value="2"/>
                                <entry key="0" type="xdouble" value="-0.04546960014334478"/>
                                <entry key="1" type="xdouble" value="-0.04546960014334478"/>
                            </config>
                        </config>
                        <config key="interval14">
                            <entry key="outlier" type="xstring" value="waterpoint_type"/>
                            <config key="interval">
                                <entry key="array-size" type="xint" value="2"/>
                                <entry key="0" type="xdouble" value="-6.072362478007375"/>
                                <entry key="1" type="xdouble" value="5.915471561084648"/>
                            </config>
                        </config>
                        <config key="interval15">
                            <entry key="outlier" type="xstring" value="population"/>
                            <config key="interval">
                                <entry key="array-size" type="xint" value="2"/>
                                <entry key="0" type="xdouble" value="-1.7004083977598947"/>
                                <entry key="1" type="xdouble" value="1.3884062216857767"/>
                            </config>
                        </config>
                        <config key="interval16">
                            <entry key="outlier" type="xstring" value="scheme_name"/>
                            <config key="interval">
                                <entry key="array-size" type="xint" value="2"/>
                                <entry key="0" type="xdouble" value="-3.0589260788888333"/>
                                <entry key="1" type="xdouble" value="2.6873109707496186"/>
                            </config>
                        </config>
                        <config key="interval17">
                            <entry key="outlier" type="xstring" value="construction_year"/>
                            <config key="interval">
                                <entry key="array-size" type="xint" value="2"/>
                                <entry key="0" type="xdouble" value="-7.722601488082388"/>
                                <entry key="1" type="xdouble" value="7.070349126199087"/>
                            </config>
                        </config>
                        <config key="interval18">
                            <entry key="outlier" type="xstring" value="installer"/>
                            <config key="interval">
                                <entry key="array-size" type="xint" value="2"/>
                                <entry key="0" type="xdouble" value="-1.9336524172488385"/>
                                <entry key="1" type="xdouble" value="1.4440019995050417"/>
                            </config>
                        </config>
                        <config key="interval19">
                            <entry key="outlier" type="xstring" value="amount_tsh"/>
                            <config key="interval">
                                <entry key="array-size" type="xint" value="2"/>
                                <entry key="0" type="xdouble" value="-0.12985253556301835"/>
                                <entry key="1" type="xdouble" value="-0.08072802185762533"/>
                            </config>
                        </config>
                        <config key="interval20">
                            <entry key="outlier" type="xstring" value="management"/>
                            <config key="interval">
                                <entry key="array-size" type="xint" value="2"/>
                                <entry key="0" type="xdouble" value="-0.3776577220581947"/>
                                <entry key="1" type="xdouble" value="-0.3776577220581947"/>
                            </config>
                        </config>
                        <config key="interval21">
                            <entry key="outlier" type="xstring" value="permit"/>
                            <config key="interval">
                                <entry key="array-size" type="xint" value="2"/>
                                <entry key="0" type="xdouble" value="-7.232043662503755"/>
                                <entry key="1" type="xdouble" value="8.13844093279466"/>
                            </config>
                        </config>
                        <config key="interval22">
                            <entry key="outlier" type="xstring" value="extraction_type"/>
                            <config key="interval">
                                <entry key="array-size" type="xint" value="2"/>
                                <entry key="0" type="xdouble" value="-4.184916723597957"/>
                                <entry key="1" type="xdouble" value="3.7290810043445144"/>
                            </config>
                        </config>
                        <config key="interval23">
                            <entry key="outlier" type="xstring" value="date_recorded"/>
                            <config key="interval">
                                <entry key="array-size" type="xint" value="2"/>
                                <entry key="0" type="xdouble" value="-5.5557629071775665"/>
                                <entry key="1" type="xdouble" value="5.446378796401182"/>
                            </config>
                        </config>
                        <config key="interval24">
                            <entry key="outlier" type="xstring" value="water_quality"/>
                            <config key="interval">
                                <entry key="array-size" type="xint" value="2"/>
                                <entry key="0" type="xdouble" value="-0.3368519469711351"/>
                                <entry key="1" type="xdouble" value="-0.3368519469711351"/>
                            </config>
                        </config>
                        <config key="interval25">
                            <entry key="outlier" type="xstring" value="region"/>
                            <config key="interval">
                                <entry key="array-size" type="xint" value="2"/>
                                <entry key="0" type="xdouble" value="-6.180032395143332"/>
                                <entry key="1" type="xdouble" value="6.110709648717817"/>
                            </config>
                        </config>
                        <config key="interval26">
                            <entry key="outlier" type="xstring" value="region_code"/>
                            <config key="interval">
                                <entry key="array-size" type="xint" value="2"/>
                                <entry key="0" type="xdouble" value="-2.617443696309765"/>
                                <entry key="1" type="xdouble" value="2.134300463272739"/>
                            </config>
                        </config>
                    </config>
                </config>
            </config>
        </config>
    </config>
</config>
