<?xml version="1.0" encoding="UTF-8"?>
<config xmlns="http://www.knime.org/2008/09/XMLConfig" xmlns:xsi="http://www.w3.org/2001/XMLSchema-instance" xsi:schemaLocation="http://www.knime.org/2008/09/XMLConfig http://www.knime.org/XMLConfig_2008_09.xsd" key="preprocessing">
    <config key="preprocColumns">
        <entry key="array-size" type="xint" value="21"/>
        <entry key="0" type="xstring" value="age"/>
        <entry key="1" type="xstring" value="duration"/>
        <entry key="2" type="xstring" value="campaign"/>
        <entry key="3" type="xstring" value="pdays"/>
        <entry key="4" type="xstring" value="previous"/>
        <entry key="5" type="xstring" value="emp.var.rate"/>
        <entry key="6" type="xstring" value="cons.price.idx"/>
        <entry key="7" type="xstring" value="cons.conf.idx"/>
        <entry key="8" type="xstring" value="euribor3m"/>
        <entry key="9" type="xstring" value="nr.employed"/>
        <entry key="10" type="xstring" value="job (to number)"/>
        <entry key="11" type="xstring" value="marital (to number)"/>
        <entry key="12" type="xstring" value="education (to number)"/>
        <entry key="13" type="xstring" value="default (to number)"/>
        <entry key="14" type="xstring" value="housing (to number)"/>
        <entry key="15" type="xstring" value="loan (to number)"/>
        <entry key="16" type="xstring" value="contact (to number)"/>
        <entry key="17" type="xstring" value="month (to number)"/>
        <entry key="18" type="xstring" value="day_of_week (to number)"/>
        <entry key="19" type="xstring" value="poutcome (to number)"/>
        <entry key="20" type="xstring" value="Target Class (to number)"/>
    </config>
</config>
