<?xml version="1.0" encoding="UTF-8"?>
<config xmlns="http://www.knime.org/2008/09/XMLConfig" xmlns:xsi="http://www.w3.org/2001/XMLSchema-instance" xsi:schemaLocation="http://www.knime.org/2008/09/XMLConfig http://www.knime.org/XMLConfig_2008_09.xsd" key="model.xml">
    <entry key="version" type="xint" value="1"/>
    <entry key="class_name" type="xstring" value="org.knime.base.algorithms.outlier.NumericOutliersPortObject"/>
    <config key="model">
        <entry key="summary" type="xstring" value="Outlier treatment for columns: &quot;amount_tsh&quot;, &quot;date_recorded&quot;, &quot;funder&quot;,  ... &lt;24 more&gt;"/>
        <config key="group-col-types">
            <entry key="array-size" type="xint" value="0"/>
        </config>
        <config key="outlier-treatment">
            <entry key="outlier-treatment" type="xstring" value="Remove outlier rows"/>
            <entry key="replacement-strategy" type="xstring" value="Missing values"/>
            <entry key="detection-option" type="xstring" value="All outliers"/>
            <entry key="update-domain" type="xboolean" value="false"/>
        </config>
        <config key="permitted intervals">
            <config key="groups">
                <entry key="array-size" type="xint" value="0"/>
            </config>
            <config key="outliers">
                <entry key="array-size" type="xint" value="27"/>
                <entry key="0" type="xstring" value="amount_tsh"/>
                <entry key="1" type="xstring" value="date_recorded"/>
                <entry key="2" type="xstring" value="funder"/>
                <entry key="3" type="xstring" value="gps_height"/>
                <entry key="4" type="xstring" value="installer"/>
                <entry key="5" type="xstring" value="longitude"/>
                <entry key="6" type="xstring" value="latitude"/>
                <entry key="7" type="xstring" value="wpt_name"/>
                <entry key="8" type="xstring" value="num_private"/>
                <entry key="9" type="xstring" value="subvillage"/>
                <entry key="10" type="xstring" value="region"/>
                <entry key="11" type="xstring" value="region_code"/>
                <entry key="12" type="xstring" value="lga"/>
                <entry key="13" type="xstring" value="ward"/>
                <entry key="14" type="xstring" value="population"/>
                <entry key="15" type="xstring" value="public_meeting"/>
                <entry key="16" type="xstring" value="recorded_by"/>
                <entry key="17" type="xstring" value="scheme_name"/>
                <entry key="18" type="xstring" value="permit"/>
                <entry key="19" type="xstring" value="construction_year"/>
                <entry key="20" type="xstring" value="extraction_type"/>
                <entry key="21" type="xstring" value="management"/>
                <entry key="22" type="xstring" value="payment"/>
                <entry key="23" type="xstring" value="water_quality"/>
                <entry key="24" type="xstring" value="quantity"/>
                <entry key="25" type="xstring" value="source"/>
                <entry key="26" type="xstring" value="waterpoint_type"/>
            </config>
            <config key="data">
                <config key="row0">
                    <config key="key">
                        <config key="group-key">
                            <entry key="array-size" type="xint" value="0"/>
                        </config>
                    </config>
                    <config key="interval-columns">
                        <config key="interval0">
                            <entry key="outlier" type="xstring" value="funder"/>
                            <config key="interval">
                                <entry key="array-size" type="xint" value="2"/>
                                <entry key="0" type="xdouble" value="-1.7780550464402511"/>
                                <entry key="1" type="xdouble" value="1.2842550992869208"/>
                            </config>
                        </config>
                        <config key="interval1">
                            <entry key="outlier" type="xstring" value="num_private"/>
                            <config key="interval">
                                <entry key="array-size" type="xint" value="2"/>
                                <entry key="0" type="xdouble" value="-0.03855212527278821"/>
                                <entry key="1" type="xdouble" value="-0.03855212527278821"/>
                            </config>
                        </config>
                        <config key="interval2">
                            <entry key="outlier" type="xstring" value="subvillage"/>
                            <config key="interval">
                                <entry key="array-size" type="xint" value="2"/>
                                <entry key="0" type="xdouble" value="-5.601967778680271"/>
                                <entry key="1" type="xdouble" value="5.406878822236088"/>
                            </config>
                        </config>
                        <config key="interval3">
                            <entry key="outlier" type="xstring" value="latitude"/>
                            <config key="interval">
                                <entry key="array-size" type="xint" value="2"/>
                                <entry key="0" type="xdouble" value="-6.339465933600112"/>
                                <entry key="1" type="xdouble" value="6.197295769333542"/>
                            </config>
                        </config>
                        <config key="interval4">
                            <entry key="outlier" type="xstring" value="lga"/>
                            <config key="interval">
                                <entry key="array-size" type="xint" value="2"/>
                                <entry key="0" type="xdouble" value="-6.076457079144853"/>
                                <entry key="1" type="xdouble" value="6.086963971513754"/>
                            </config>
                        </config>
                        <config key="interval5">
                            <entry key="outlier" type="xstring" value="wpt_name"/>
                            <config key="interval">
                                <entry key="array-size" type="xint" value="2"/>
                                <entry key="0" type="xdouble" value="-6.437035703543778"/>
                                <entry key="1" type="xdouble" value="6.303784382118099"/>
                            </config>
                        </config>
                        <config key="interval6">
                            <entry key="outlier" type="xstring" value="ward"/>
                            <config key="interval">
                                <entry key="array-size" type="xint" value="2"/>
                                <entry key="0" type="xdouble" value="-5.579993516337933"/>
                                <entry key="1" type="xdouble" value="5.43929867079756"/>
                            </config>
                        </config>
                        <config key="interval7">
                            <entry key="outlier" type="xstring" value="source"/>
                            <config key="interval">
                                <entry key="array-size" type="xint" value="2"/>
                                <entry key="0" type="xdouble" value="-7.550305018138034"/>
                                <entry key="1" type="xdouble" value="6.942949108910959"/>
                            </config>
                        </config>
                        <config key="interval8">
                            <entry key="outlier" type="xstring" value="gps_height"/>
                            <config key="interval">
                                <entry key="array-size" type="xint" value="2"/>
                                <entry key="0" type="xdouble" value="-6.654873848547188"/>
                                <entry key="1" type="xdouble" value="6.623322573934129"/>
                            </config>
                        </config>
                        <config key="interval9">
                            <entry key="outlier" type="xstring" value="recorded_by"/>
                            <config key="interval">
                                <entry key="array-size" type="xint" value="2"/>
                                <entry key="0" type="xdouble" value="0.0"/>
                                <entry key="1" type="xdouble" value="0.0"/>
                            </config>
                        </config>
                        <config key="interval10">
                            <entry key="outlier" type="xstring" value="public_meeting"/>
                            <config key="interval">
                                <entry key="array-size" type="xint" value="2"/>
                                <entry key="0" type="xdouble" value="-0.30232296116619706"/>
                                <entry key="1" type="xdouble" value="-0.30232296116619706"/>
                            </config>
                        </config>
                        <config key="interval11">
                            <entry key="outlier" type="xstring" value="payment"/>
                            <config key="interval">
                                <entry key="array-size" type="xint" value="2"/>
                                <entry key="0" type="xdouble" value="-4.039232527698636"/>
                                <entry key="1" type="xdouble" value="3.6967922346256943"/>
                            </config>
                        </config>
                        <config key="interval12">
                            <entry key="outlier" type="xstring" value="longitude"/>
                            <config key="interval">
                                <entry key="array-size" type="xint" value="2"/>
                                <entry key="0" type="xdouble" value="-2.1434417063544378"/>
                                <entry key="1" type="xdouble" value="2.4358210878479185"/>
                            </config>
                        </config>
                        <config key="interval13">
                            <entry key="outlier" type="xstring" value="quantity"/>
                            <config key="interval">
                                <entry key="array-size" type="xint" value="2"/>
                                <entry key="0" type="xdouble" value="-3.7502370185470366"/>
                                <entry key="1" type="xdouble" value="3.2915658714172378"/>
                            </config>
                        </config>
                        <config key="interval14">
                            <entry key="outlier" type="xstring" value="waterpoint_type"/>
                            <config key="interval">
                                <entry key="array-size" type="xint" value="2"/>
                                <entry key="0" type="xdouble" value="-6.079606773849421"/>
                                <entry key="1" type="xdouble" value="5.9252114750758365"/>
                            </config>
                        </config>
                        <config key="interval15">
                            <entry key="outlier" type="xstring" value="population"/>
                            <config key="interval">
                                <entry key="array-size" type="xint" value="2"/>
                                <entry key="0" type="xdouble" value="-1.7081490376280781"/>
                                <entry key="1" type="xdouble" value="1.3907279656347928"/>
                            </config>
                        </config>
                        <config key="interval16">
                            <entry key="outlier" type="xstring" value="scheme_name"/>
                            <config key="interval">
                                <entry key="array-size" type="xint" value="2"/>
                                <entry key="0" type="xdouble" value="-3.132060384954908"/>
                                <entry key="1" type="xdouble" value="2.785647556785857"/>
                            </config>
                        </config>
                        <config key="interval17">
                            <entry key="outlier" type="xstring" value="construction_year"/>
                            <config key="interval">
                                <entry key="array-size" type="xint" value="2"/>
                                <entry key="0" type="xdouble" value="-7.721911942840527"/>
                                <entry key="1" type="xdouble" value="7.070212931198075"/>
                            </config>
                        </config>
                        <config key="interval18">
                            <entry key="outlier" type="xstring" value="installer"/>
                            <config key="interval">
                                <entry key="array-size" type="xint" value="2"/>
                                <entry key="0" type="xdouble" value="-1.8235371679285624"/>
                                <entry key="1" type="xdouble" value="1.3214269517621167"/>
                            </config>
                        </config>
                        <config key="interval19">
                            <entry key="outlier" type="xstring" value="amount_tsh"/>
                            <config key="interval">
                                <entry key="array-size" type="xint" value="2"/>
                                <entry key="0" type="xdouble" value="-0.12447485925666146"/>
                                <entry key="1" type="xdouble" value="-0.07880970289638961"/>
                            </config>
                        </config>
                        <config key="interval20">
                            <entry key="outlier" type="xstring" value="management"/>
                            <config key="interval">
                                <entry key="array-size" type="xint" value="2"/>
                                <entry key="0" type="xdouble" value="-1.8541580285886083"/>
                                <entry key="1" type="xdouble" value="1.2566866694821441"/>
                            </config>
                        </config>
                        <config key="interval21">
                            <entry key="outlier" type="xstring" value="permit"/>
                            <config key="interval">
                                <entry key="array-size" type="xint" value="2"/>
                                <entry key="0" type="xdouble" value="-8.138580291780524"/>
                                <entry key="1" type="xdouble" value="7.232118804443164"/>
                            </config>
                        </config>
                        <config key="interval22">
                            <entry key="outlier" type="xstring" value="extraction_type"/>
                            <config key="interval">
                                <entry key="array-size" type="xint" value="2"/>
                                <entry key="0" type="xdouble" value="-4.951790313359007"/>
                                <entry key="1" type="xdouble" value="4.648408098849573"/>
                            </config>
                        </config>
                        <config key="interval23">
                            <entry key="outlier" type="xstring" value="date_recorded"/>
                            <config key="interval">
                                <entry key="array-size" type="xint" value="2"/>
                                <entry key="0" type="xdouble" value="-5.618326094475155"/>
                                <entry key="1" type="xdouble" value="5.551090482899583"/>
                            </config>
                        </config>
                        <config key="interval24">
                            <entry key="outlier" type="xstring" value="water_quality"/>
                            <config key="interval">
                                <entry key="array-size" type="xint" value="2"/>
                                <entry key="0" type="xdouble" value="-0.3334442098067672"/>
                                <entry key="1" type="xdouble" value="-0.3334442098067672"/>
                            </config>
                        </config>
                        <config key="interval25">
                            <entry key="outlier" type="xstring" value="region"/>
                            <config key="interval">
                                <entry key="array-size" type="xint" value="2"/>
                                <entry key="0" type="xdouble" value="-5.6792212811401805"/>
                                <entry key="1" type="xdouble" value="5.772293180481248"/>
                            </config>
                        </config>
                        <config key="interval26">
                            <entry key="outlier" type="xstring" value="region_code"/>
                            <config key="interval">
                                <entry key="array-size" type="xint" value="2"/>
                                <entry key="0" type="xdouble" value="-2.6178056435294565"/>
                                <entry key="1" type="xdouble" value="2.133047318098135"/>
                            </config>
                        </config>
                    </config>
                </config>
            </config>
        </config>
    </config>
</config>
