<?xml version="1.0" encoding="UTF-8"?>
<config xmlns="http://www.knime.org/2008/09/XMLConfig" xmlns:xsi="http://www.w3.org/2001/XMLSchema-instance" xsi:schemaLocation="http://www.knime.org/2008/09/XMLConfig http://www.knime.org/XMLConfig_2008_09.xsd" key="model.xml">
    <entry key="version" type="xint" value="1"/>
    <entry key="class_name" type="xstring" value="org.knime.base.data.normalize.NormalizerPortObject"/>
    <config key="model">
        <config key="columns">
            <config key="Age">
                <entry key="column_name" type="xstring" value="Age"/>
                <entry key="column_scale" type="xdouble" value="0.02040816326530612"/>
                <entry key="column_translate" type="xdouble" value="-0.5714285714285714"/>
                <entry key="column_min" type="xdouble" value="0.0"/>
                <entry key="column_max" type="xdouble" value="1.0"/>
            </config>
            <config key="Sex">
                <entry key="column_name" type="xstring" value="Sex"/>
                <entry key="column_scale" type="xdouble" value="1.0"/>
                <entry key="column_translate" type="xdouble" value="0.0"/>
                <entry key="column_min" type="xdouble" value="0.0"/>
                <entry key="column_max" type="xdouble" value="1.0"/>
            </config>
            <config key="ChestPainType">
                <entry key="column_name" type="xstring" value="ChestPainType"/>
                <entry key="column_scale" type="xdouble" value="0.3333333333333333"/>
                <entry key="column_translate" type="xdouble" value="0.0"/>
                <entry key="column_min" type="xdouble" value="0.0"/>
                <entry key="column_max" type="xdouble" value="1.0"/>
            </config>
            <config key="RestingBP">
                <entry key="column_name" type="xstring" value="RestingBP"/>
                <entry key="column_scale" type="xdouble" value="0.005"/>
                <entry key="column_translate" type="xdouble" value="0.0"/>
                <entry key="column_min" type="xdouble" value="0.0"/>
                <entry key="column_max" type="xdouble" value="1.0"/>
            </config>
            <config key="Cholesterol">
                <entry key="column_name" type="xstring" value="Cholesterol"/>
                <entry key="column_scale" type="xdouble" value="0.001658374792703151"/>
                <entry key="column_translate" type="xdouble" value="0.0"/>
                <entry key="column_min" type="xdouble" value="0.0"/>
                <entry key="column_max" type="xdouble" value="1.0"/>
            </config>
            <config key="FastingBS">
                <entry key="column_name" type="xstring" value="FastingBS"/>
                <entry key="column_scale" type="xdouble" value="1.0"/>
                <entry key="column_translate" type="xdouble" value="0.0"/>
                <entry key="column_min" type="xdouble" value="0.0"/>
                <entry key="column_max" type="xdouble" value="1.0"/>
            </config>
            <config key="RestingECG">
                <entry key="column_name" type="xstring" value="RestingECG"/>
                <entry key="column_scale" type="xdouble" value="0.5"/>
                <entry key="column_translate" type="xdouble" value="0.0"/>
                <entry key="column_min" type="xdouble" value="0.0"/>
                <entry key="column_max" type="xdouble" value="1.0"/>
            </config>
            <config key="MaxHR">
                <entry key="column_name" type="xstring" value="MaxHR"/>
                <entry key="column_scale" type="xdouble" value="0.007042253521126761"/>
                <entry key="column_translate" type="xdouble" value="-0.4225352112676056"/>
                <entry key="column_min" type="xdouble" value="0.0"/>
                <entry key="column_max" type="xdouble" value="1.0"/>
            </config>
            <config key="ST_Slope">
                <entry key="column_name" type="xstring" value="ST_Slope"/>
                <entry key="column_scale" type="xdouble" value="0.5"/>
                <entry key="column_translate" type="xdouble" value="0.0"/>
                <entry key="column_min" type="xdouble" value="0.0"/>
                <entry key="column_max" type="xdouble" value="1.0"/>
            </config>
        </config>
        <entry key="summary" type="xstring" value="Min/Max (0.0, 1) normalization on 9 column(s)"/>
    </config>
</config>
