<?xml version="1.0" encoding="UTF-8"?>
<config xmlns="http://www.knime.org/2008/09/XMLConfig" xmlns:xsi="http://www.w3.org/2001/XMLSchema-instance" xsi:schemaLocation="http://www.knime.org/2008/09/XMLConfig http://www.knime.org/XMLConfig_2008_09.xsd" key="preprocessing">
    <config key="preprocColumns">
        <entry key="array-size" type="xint" value="20"/>
        <entry key="0" type="xstring" value="date_recorded"/>
        <entry key="1" type="xstring" value="funder"/>
        <entry key="2" type="xstring" value="installer"/>
        <entry key="3" type="xstring" value="wpt_name"/>
        <entry key="4" type="xstring" value="subvillage"/>
        <entry key="5" type="xstring" value="region"/>
        <entry key="6" type="xstring" value="lga"/>
        <entry key="7" type="xstring" value="ward"/>
        <entry key="8" type="xstring" value="public_meeting"/>
        <entry key="9" type="xstring" value="recorded_by"/>
        <entry key="10" type="xstring" value="scheme_name"/>
        <entry key="11" type="xstring" value="permit"/>
        <entry key="12" type="xstring" value="extraction_type"/>
        <entry key="13" type="xstring" value="management"/>
        <entry key="14" type="xstring" value="payment"/>
        <entry key="15" type="xstring" value="water_quality"/>
        <entry key="16" type="xstring" value="quantity"/>
        <entry key="17" type="xstring" value="source"/>
        <entry key="18" type="xstring" value="waterpoint_type"/>
        <entry key="19" type="xstring" value="Target Class"/>
    </config>
</config>
