<?xml version="1.0" encoding="UTF-8"?>
<config xmlns="http://www.knime.org/2008/09/XMLConfig" xmlns:xsi="http://www.w3.org/2001/XMLSchema-instance" xsi:schemaLocation="http://www.knime.org/2008/09/XMLConfig http://www.knime.org/XMLConfig_2008_09.xsd" key="model.xml">
    <entry key="version" type="xint" value="1"/>
    <entry key="class_name" type="xstring" value="org.knime.base.data.normalize.NormalizerPortObject"/>
    <config key="model">
        <config key="columns">
            <config key="amount_tsh">
                <entry key="column_name" type="xstring" value="amount_tsh"/>
                <entry key="column_scale" type="xdouble" value="0.0014038475756096675"/>
                <entry key="column_translate" type="xdouble" value="-0.2713050300121869"/>
                <entry key="column_min" type="xdouble" value="NaN"/>
                <entry key="column_max" type="xdouble" value="NaN"/>
            </config>
            <config key="date_recorded">
                <entry key="column_name" type="xstring" value="date_recorded"/>
                <entry key="column_scale" type="xdouble" value="0.017587252453326565"/>
                <entry key="column_translate" type="xdouble" value="-1.5185473304655"/>
                <entry key="column_min" type="xdouble" value="NaN"/>
                <entry key="column_max" type="xdouble" value="NaN"/>
            </config>
            <config key="funder">
                <entry key="column_name" type="xstring" value="funder"/>
                <entry key="column_scale" type="xdouble" value="0.020826511893567157"/>
                <entry key="column_translate" type="xdouble" value="-0.9869494654435175"/>
                <entry key="column_min" type="xdouble" value="NaN"/>
                <entry key="column_max" type="xdouble" value="NaN"/>
            </config>
            <config key="gps_height">
                <entry key="column_name" type="xstring" value="gps_height"/>
                <entry key="column_scale" type="xdouble" value="0.0014607688223897714"/>
                <entry key="column_translate" type="xdouble" value="-0.9304194377896283"/>
                <entry key="column_min" type="xdouble" value="NaN"/>
                <entry key="column_max" type="xdouble" value="NaN"/>
            </config>
            <config key="installer">
                <entry key="column_name" type="xstring" value="installer"/>
                <entry key="column_scale" type="xdouble" value="0.01877076465614286"/>
                <entry key="column_translate" type="xdouble" value="-0.9950211700906278"/>
                <entry key="column_min" type="xdouble" value="NaN"/>
                <entry key="column_max" type="xdouble" value="NaN"/>
            </config>
            <config key="longitude">
                <entry key="column_name" type="xstring" value="longitude"/>
                <entry key="column_scale" type="xdouble" value="0.17336237791510428"/>
                <entry key="column_translate" type="xdouble" value="-5.997917880039309"/>
                <entry key="column_min" type="xdouble" value="NaN"/>
                <entry key="column_max" type="xdouble" value="NaN"/>
            </config>
            <config key="latitude">
                <entry key="column_name" type="xstring" value="latitude"/>
                <entry key="column_scale" type="xdouble" value="0.3413446093063523"/>
                <entry key="column_translate" type="xdouble" value="1.9877957617582078"/>
                <entry key="column_min" type="xdouble" value="NaN"/>
                <entry key="column_max" type="xdouble" value="NaN"/>
            </config>
            <config key="wpt_name">
                <entry key="column_name" type="xstring" value="wpt_name"/>
                <entry key="column_scale" type="xdouble" value="0.007048129464370951"/>
                <entry key="column_translate" type="xdouble" value="-1.4049100535234842"/>
                <entry key="column_min" type="xdouble" value="NaN"/>
                <entry key="column_max" type="xdouble" value="NaN"/>
            </config>
            <config key="num_private">
                <entry key="column_name" type="xstring" value="num_private"/>
                <entry key="column_scale" type="xdouble" value="0.3157575385953469"/>
                <entry key="column_translate" type="xdouble" value="-0.0803746461879065"/>
                <entry key="column_min" type="xdouble" value="NaN"/>
                <entry key="column_max" type="xdouble" value="NaN"/>
            </config>
            <config key="subvillage">
                <entry key="column_name" type="xstring" value="subvillage"/>
                <entry key="column_scale" type="xdouble" value="0.0068956085146177236"/>
                <entry key="column_translate" type="xdouble" value="-1.6219975722784084"/>
                <entry key="column_min" type="xdouble" value="NaN"/>
                <entry key="column_max" type="xdouble" value="NaN"/>
            </config>
            <config key="region">
                <entry key="column_name" type="xstring" value="region"/>
                <entry key="column_scale" type="xdouble" value="0.16294830083648557"/>
                <entry key="column_translate" type="xdouble" value="-1.5160117370550856"/>
                <entry key="column_min" type="xdouble" value="NaN"/>
                <entry key="column_max" type="xdouble" value="NaN"/>
            </config>
            <config key="region_code">
                <entry key="column_name" type="xstring" value="region_code"/>
                <entry key="column_scale" type="xdouble" value="0.0521991638764754"/>
                <entry key="column_translate" type="xdouble" value="-0.8116495444938503"/>
                <entry key="column_min" type="xdouble" value="NaN"/>
                <entry key="column_max" type="xdouble" value="NaN"/>
            </config>
            <config key="lga">
                <entry key="column_name" type="xstring" value="lga"/>
                <entry key="column_scale" type="xdouble" value="0.03165097425260799"/>
                <entry key="column_translate" type="xdouble" value="-1.5544081191585357"/>
                <entry key="column_min" type="xdouble" value="NaN"/>
                <entry key="column_max" type="xdouble" value="NaN"/>
            </config>
            <config key="ward">
                <entry key="column_name" type="xstring" value="ward"/>
                <entry key="column_scale" type="xdouble" value="0.007642829835490771"/>
                <entry key="column_translate" type="xdouble" value="-1.652504874921323"/>
                <entry key="column_min" type="xdouble" value="NaN"/>
                <entry key="column_max" type="xdouble" value="NaN"/>
            </config>
            <config key="population">
                <entry key="column_name" type="xstring" value="population"/>
                <entry key="column_scale" type="xdouble" value="0.0017691727980098566"/>
                <entry key="column_translate" type="xdouble" value="-0.3687374279168435"/>
                <entry key="column_min" type="xdouble" value="NaN"/>
                <entry key="column_max" type="xdouble" value="NaN"/>
            </config>
            <config key="public_meeting">
                <entry key="column_name" type="xstring" value="public_meeting"/>
                <entry key="column_scale" type="xdouble" value="3.475341709817899"/>
                <entry key="column_translate" type="xdouble" value="-0.31594015543799087"/>
                <entry key="column_min" type="xdouble" value="NaN"/>
                <entry key="column_max" type="xdouble" value="NaN"/>
            </config>
            <config key="recorded_by">
                <entry key="column_name" type="xstring" value="recorded_by"/>
                <entry key="column_scale" type="xdouble" value="1.0"/>
                <entry key="column_translate" type="xdouble" value="-0.0"/>
                <entry key="column_min" type="xdouble" value="NaN"/>
                <entry key="column_max" type="xdouble" value="NaN"/>
            </config>
            <config key="scheme_name">
                <entry key="column_name" type="xstring" value="scheme_name"/>
                <entry key="column_scale" type="xdouble" value="0.01554070959412506"/>
                <entry key="column_translate" type="xdouble" value="-0.7584148840289286"/>
                <entry key="column_min" type="xdouble" value="NaN"/>
                <entry key="column_max" type="xdouble" value="NaN"/>
            </config>
            <config key="permit">
                <entry key="column_name" type="xstring" value="permit"/>
                <entry key="column_scale" type="xdouble" value="2.1174738846497996"/>
                <entry key="column_translate" type="xdouble" value="-0.7083912632282968"/>
                <entry key="column_min" type="xdouble" value="NaN"/>
                <entry key="column_max" type="xdouble" value="NaN"/>
            </config>
            <config key="construction_year">
                <entry key="column_name" type="xstring" value="construction_year"/>
                <entry key="column_scale" type="xdouble" value="0.0010531424914783456"/>
                <entry key="column_translate" type="xdouble" value="-1.3807138468323013"/>
                <entry key="column_min" type="xdouble" value="NaN"/>
                <entry key="column_max" type="xdouble" value="NaN"/>
            </config>
            <config key="extraction_type">
                <entry key="column_name" type="xstring" value="extraction_type"/>
                <entry key="column_scale" type="xdouble" value="0.3442818842570068"/>
                <entry key="column_translate" type="xdouble" value="-0.8062455762236816"/>
                <entry key="column_min" type="xdouble" value="NaN"/>
                <entry key="column_max" type="xdouble" value="NaN"/>
            </config>
            <config key="management">
                <entry key="column_name" type="xstring" value="management"/>
                <entry key="column_scale" type="xdouble" value="0.6092419591976823"/>
                <entry key="column_translate" type="xdouble" value="-1.8853269355535562"/>
                <entry key="column_min" type="xdouble" value="NaN"/>
                <entry key="column_max" type="xdouble" value="NaN"/>
            </config>
            <config key="payment">
                <entry key="column_name" type="xstring" value="payment"/>
                <entry key="column_scale" type="xdouble" value="0.6838235492474052"/>
                <entry key="column_translate" type="xdouble" value="-1.2756417482324323"/>
                <entry key="column_min" type="xdouble" value="NaN"/>
                <entry key="column_max" type="xdouble" value="NaN"/>
            </config>
            <config key="water_quality">
                <entry key="column_name" type="xstring" value="water_quality"/>
                <entry key="column_scale" type="xdouble" value="1.0959264919771807"/>
                <entry key="column_translate" type="xdouble" value="-0.3706224136504644"/>
                <entry key="column_min" type="xdouble" value="NaN"/>
                <entry key="column_max" type="xdouble" value="NaN"/>
            </config>
            <config key="quantity">
                <entry key="column_name" type="xstring" value="quantity"/>
                <entry key="column_scale" type="xdouble" value="1.0061651762697976"/>
                <entry key="column_translate" type="xdouble" value="-0.7006568409296955"/>
                <entry key="column_min" type="xdouble" value="NaN"/>
                <entry key="column_max" type="xdouble" value="NaN"/>
            </config>
            <config key="source">
                <entry key="column_name" type="xstring" value="source"/>
                <entry key="column_scale" type="xdouble" value="0.5884496034324574"/>
                <entry key="column_translate" type="xdouble" value="-0.9950147839857926"/>
                <entry key="column_min" type="xdouble" value="NaN"/>
                <entry key="column_max" type="xdouble" value="NaN"/>
            </config>
            <config key="waterpoint_type">
                <entry key="column_name" type="xstring" value="waterpoint_type"/>
                <entry key="column_scale" type="xdouble" value="0.9365572437605989"/>
                <entry key="column_translate" type="xdouble" value="-0.878660977782671"/>
                <entry key="column_min" type="xdouble" value="NaN"/>
                <entry key="column_max" type="xdouble" value="NaN"/>
            </config>
        </config>
        <entry key="summary" type="xstring" value="Z-Score (Gaussian) normalization on 27 column(s)"/>
    </config>
</config>
