<?xml version="1.0" encoding="UTF-8"?>
<config xmlns="http://www.knime.org/2008/09/XMLConfig" xmlns:xsi="http://www.w3.org/2001/XMLSchema-instance" xsi:schemaLocation="http://www.knime.org/2008/09/XMLConfig http://www.knime.org/XMLConfig_2008_09.xsd" key="model.xml">
    <entry key="version" type="xint" value="1"/>
    <entry key="class_name" type="xstring" value="org.knime.base.data.normalize.NormalizerPortObject"/>
    <config key="model">
        <config key="columns">
            <config key="amount_tsh">
                <entry key="column_name" type="xstring" value="amount_tsh"/>
                <entry key="column_scale" type="xdouble" value="3.5088938360995013E-4"/>
                <entry key="column_translate" type="xdouble" value="-0.10879917254642134"/>
                <entry key="column_min" type="xdouble" value="NaN"/>
                <entry key="column_max" type="xdouble" value="NaN"/>
            </config>
            <config key="date_recorded">
                <entry key="column_name" type="xstring" value="date_recorded"/>
                <entry key="column_scale" type="xdouble" value="0.013433628453698106"/>
                <entry key="column_translate" type="xdouble" value="-1.6062761417903235"/>
                <entry key="column_min" type="xdouble" value="NaN"/>
                <entry key="column_max" type="xdouble" value="NaN"/>
            </config>
            <config key="funder">
                <entry key="column_name" type="xstring" value="funder"/>
                <entry key="column_scale" type="xdouble" value="0.004278097420381729"/>
                <entry key="column_translate" type="xdouble" value="-0.5623340911656066"/>
                <entry key="column_min" type="xdouble" value="NaN"/>
                <entry key="column_max" type="xdouble" value="NaN"/>
            </config>
            <config key="gps_height">
                <entry key="column_name" type="xstring" value="gps_height"/>
                <entry key="column_scale" type="xdouble" value="0.0014358326146588982"/>
                <entry key="column_translate" type="xdouble" value="-0.9646243216384843"/>
                <entry key="column_min" type="xdouble" value="NaN"/>
                <entry key="column_max" type="xdouble" value="NaN"/>
            </config>
            <config key="installer">
                <entry key="column_name" type="xstring" value="installer"/>
                <entry key="column_scale" type="xdouble" value="0.0036279854100471328"/>
                <entry key="column_translate" type="xdouble" value="-0.5005981802802213"/>
                <entry key="column_min" type="xdouble" value="NaN"/>
                <entry key="column_max" type="xdouble" value="NaN"/>
            </config>
            <config key="longitude">
                <entry key="column_name" type="xstring" value="longitude"/>
                <entry key="column_scale" type="xdouble" value="0.1634064224970687"/>
                <entry key="column_translate" type="xdouble" value="-5.606591988089176"/>
                <entry key="column_min" type="xdouble" value="NaN"/>
                <entry key="column_max" type="xdouble" value="NaN"/>
            </config>
            <config key="latitude">
                <entry key="column_name" type="xstring" value="latitude"/>
                <entry key="column_scale" type="xdouble" value="0.34119336417837454"/>
                <entry key="column_translate" type="xdouble" value="1.9607239644853467"/>
                <entry key="column_min" type="xdouble" value="NaN"/>
                <entry key="column_max" type="xdouble" value="NaN"/>
            </config>
            <config key="wpt_name">
                <entry key="column_name" type="xstring" value="wpt_name"/>
                <entry key="column_scale" type="xdouble" value="1.0976151698313537E-4"/>
                <entry key="column_translate" type="xdouble" value="-1.1420900602636155"/>
                <entry key="column_min" type="xdouble" value="NaN"/>
                <entry key="column_max" type="xdouble" value="NaN"/>
            </config>
            <config key="num_private">
                <entry key="column_name" type="xstring" value="num_private"/>
                <entry key="column_scale" type="xdouble" value="0.07660345154787424"/>
                <entry key="column_translate" type="xdouble" value="-0.037893206482107575"/>
                <entry key="column_min" type="xdouble" value="NaN"/>
                <entry key="column_max" type="xdouble" value="NaN"/>
            </config>
            <config key="subvillage">
                <entry key="column_name" type="xstring" value="subvillage"/>
                <entry key="column_scale" type="xdouble" value="2.147990220235309E-4"/>
                <entry key="column_translate" type="xdouble" value="-1.1407845910940824"/>
                <entry key="column_min" type="xdouble" value="NaN"/>
                <entry key="column_max" type="xdouble" value="NaN"/>
            </config>
            <config key="region">
                <entry key="column_name" type="xstring" value="region"/>
                <entry key="column_scale" type="xdouble" value="0.1755820291980164"/>
                <entry key="column_translate" type="xdouble" value="-1.7904816651929212"/>
                <entry key="column_min" type="xdouble" value="NaN"/>
                <entry key="column_max" type="xdouble" value="NaN"/>
            </config>
            <config key="region_code">
                <entry key="column_name" type="xstring" value="region_code"/>
                <entry key="column_scale" type="xdouble" value="0.056568382852172666"/>
                <entry key="column_translate" type="xdouble" value="-0.8638238278924124"/>
                <entry key="column_min" type="xdouble" value="NaN"/>
                <entry key="column_max" type="xdouble" value="NaN"/>
            </config>
            <config key="lga">
                <entry key="column_name" type="xstring" value="lga"/>
                <entry key="column_scale" type="xdouble" value="0.030333054561794155"/>
                <entry key="column_translate" type="xdouble" value="-1.5335594169902658"/>
                <entry key="column_min" type="xdouble" value="NaN"/>
                <entry key="column_max" type="xdouble" value="NaN"/>
            </config>
            <config key="ward">
                <entry key="column_name" type="xstring" value="ward"/>
                <entry key="column_scale" type="xdouble" value="0.0019109404342710704"/>
                <entry key="column_translate" type="xdouble" value="-1.4115950378030988"/>
                <entry key="column_min" type="xdouble" value="NaN"/>
                <entry key="column_max" type="xdouble" value="NaN"/>
            </config>
            <config key="population">
                <entry key="column_name" type="xstring" value="population"/>
                <entry key="column_scale" type="xdouble" value="0.0021012344349970553"/>
                <entry key="column_translate" type="xdouble" value="-0.3766307037117499"/>
                <entry key="column_min" type="xdouble" value="NaN"/>
                <entry key="column_max" type="xdouble" value="NaN"/>
            </config>
            <config key="public_meeting">
                <entry key="column_name" type="xstring" value="public_meeting"/>
                <entry key="column_scale" type="xdouble" value="3.6276175495582224"/>
                <entry key="column_translate" type="xdouble" value="-0.3005589723014794"/>
                <entry key="column_min" type="xdouble" value="NaN"/>
                <entry key="column_max" type="xdouble" value="NaN"/>
            </config>
            <config key="recorded_by">
                <entry key="column_name" type="xstring" value="recorded_by"/>
                <entry key="column_scale" type="xdouble" value="1.0"/>
                <entry key="column_translate" type="xdouble" value="-0.0"/>
                <entry key="column_min" type="xdouble" value="NaN"/>
                <entry key="column_max" type="xdouble" value="NaN"/>
            </config>
            <config key="scheme_name">
                <entry key="column_name" type="xstring" value="scheme_name"/>
                <entry key="column_scale" type="xdouble" value="0.0019224613749208603"/>
                <entry key="column_translate" type="xdouble" value="-0.5962530576152111"/>
                <entry key="column_min" type="xdouble" value="NaN"/>
                <entry key="column_max" type="xdouble" value="NaN"/>
            </config>
            <config key="permit">
                <entry key="column_name" type="xstring" value="permit"/>
                <entry key="column_scale" type="xdouble" value="2.1957835136140593"/>
                <entry key="column_translate" type="xdouble" value="-0.6446931216615767"/>
                <entry key="column_min" type="xdouble" value="NaN"/>
                <entry key="column_max" type="xdouble" value="NaN"/>
            </config>
            <config key="construction_year">
                <entry key="column_name" type="xstring" value="construction_year"/>
                <entry key="column_scale" type="xdouble" value="0.001054530269053427"/>
                <entry key="column_translate" type="xdouble" value="-1.3827655105331844"/>
                <entry key="column_min" type="xdouble" value="NaN"/>
                <entry key="column_max" type="xdouble" value="NaN"/>
            </config>
            <config key="extraction_type">
                <entry key="column_name" type="xstring" value="extraction_type"/>
                <entry key="column_scale" type="xdouble" value="0.2826427759979454"/>
                <entry key="column_translate" type="xdouble" value="-0.7932034116226121"/>
                <entry key="column_min" type="xdouble" value="NaN"/>
                <entry key="column_max" type="xdouble" value="NaN"/>
            </config>
            <config key="management">
                <entry key="column_name" type="xstring" value="management"/>
                <entry key="column_scale" type="xdouble" value="0.5025172926356891"/>
                <entry key="column_translate" type="xdouble" value="-0.8801750146938838"/>
                <entry key="column_min" type="xdouble" value="NaN"/>
                <entry key="column_max" type="xdouble" value="NaN"/>
            </config>
            <config key="payment">
                <entry key="column_name" type="xstring" value="payment"/>
                <entry key="column_scale" type="xdouble" value="0.5057228991312678"/>
                <entry key="column_translate" type="xdouble" value="-0.8695390300567091"/>
                <entry key="column_min" type="xdouble" value="NaN"/>
                <entry key="column_max" type="xdouble" value="NaN"/>
            </config>
            <config key="water_quality">
                <entry key="column_name" type="xstring" value="water_quality"/>
                <entry key="column_scale" type="xdouble" value="1.1541651423085477"/>
                <entry key="column_translate" type="xdouble" value="-0.3368519469711351"/>
                <entry key="column_min" type="xdouble" value="NaN"/>
                <entry key="column_max" type="xdouble" value="NaN"/>
            </config>
            <config key="quantity">
                <entry key="column_name" type="xstring" value="quantity"/>
                <entry key="column_scale" type="xdouble" value="1.1581869363682087"/>
                <entry key="column_translate" type="xdouble" value="-1.2036565365115535"/>
                <entry key="column_min" type="xdouble" value="NaN"/>
                <entry key="column_max" type="xdouble" value="NaN"/>
            </config>
            <config key="source">
                <entry key="column_name" type="xstring" value="source"/>
                <entry key="column_scale" type="xdouble" value="0.6064659146692379"/>
                <entry key="column_translate" type="xdouble" value="-2.503939298261175"/>
                <entry key="column_min" type="xdouble" value="NaN"/>
                <entry key="column_max" type="xdouble" value="NaN"/>
            </config>
            <config key="waterpoint_type">
                <entry key="column_name" type="xstring" value="waterpoint_type"/>
                <entry key="column_scale" type="xdouble" value="0.8562738599351445"/>
                <entry key="column_translate" type="xdouble" value="-0.9347193183965078"/>
                <entry key="column_min" type="xdouble" value="NaN"/>
                <entry key="column_max" type="xdouble" value="NaN"/>
            </config>
        </config>
        <entry key="summary" type="xstring" value="Z-Score (Gaussian) normalization on 27 column(s)"/>
    </config>
</config>
