<?xml version="1.0" encoding="UTF-8"?>
<config xmlns="http://www.knime.org/2008/09/XMLConfig" xmlns:xsi="http://www.w3.org/2001/XMLSchema-instance" xsi:schemaLocation="http://www.knime.org/2008/09/XMLConfig http://www.knime.org/XMLConfig_2008_09.xsd" key="model.xml">
    <entry key="version" type="xint" value="1"/>
    <entry key="class_name" type="xstring" value="org.knime.base.data.normalize.NormalizerPortObject"/>
    <config key="model">
        <config key="columns">
            <config key="Age">
                <entry key="column_name" type="xstring" value="Age"/>
                <entry key="column_scale" type="xdouble" value="0.1056936095631088"/>
                <entry key="column_translate" type="xdouble" value="-5.568029303792712"/>
                <entry key="column_min" type="xdouble" value="NaN"/>
                <entry key="column_max" type="xdouble" value="NaN"/>
            </config>
            <config key="Sex">
                <entry key="column_name" type="xstring" value="Sex"/>
                <entry key="column_scale" type="xdouble" value="1.0"/>
                <entry key="column_translate" type="xdouble" value="-0.0"/>
                <entry key="column_min" type="xdouble" value="NaN"/>
                <entry key="column_max" type="xdouble" value="NaN"/>
            </config>
            <config key="ChestPainType">
                <entry key="column_name" type="xstring" value="ChestPainType"/>
                <entry key="column_scale" type="xdouble" value="1.179651446800339"/>
                <entry key="column_translate" type="xdouble" value="-1.7290399456647991"/>
                <entry key="column_min" type="xdouble" value="NaN"/>
                <entry key="column_max" type="xdouble" value="NaN"/>
            </config>
            <config key="RestingBP">
                <entry key="column_name" type="xstring" value="RestingBP"/>
                <entry key="column_scale" type="xdouble" value="0.0576026254300888"/>
                <entry key="column_translate" type="xdouble" value="-7.623019784754006"/>
                <entry key="column_min" type="xdouble" value="NaN"/>
                <entry key="column_max" type="xdouble" value="NaN"/>
            </config>
            <config key="Cholesterol">
                <entry key="column_name" type="xstring" value="Cholesterol"/>
                <entry key="column_scale" type="xdouble" value="0.020743800666867745"/>
                <entry key="column_translate" type="xdouble" value="-4.879182211464948"/>
                <entry key="column_min" type="xdouble" value="NaN"/>
                <entry key="column_max" type="xdouble" value="NaN"/>
            </config>
            <config key="FastingBS">
                <entry key="column_name" type="xstring" value="FastingBS"/>
                <entry key="column_scale" type="xdouble" value="1.0"/>
                <entry key="column_translate" type="xdouble" value="-0.0"/>
                <entry key="column_min" type="xdouble" value="NaN"/>
                <entry key="column_max" type="xdouble" value="NaN"/>
            </config>
            <config key="RestingECG">
                <entry key="column_name" type="xstring" value="RestingECG"/>
                <entry key="column_scale" type="xdouble" value="1.2259714151572"/>
                <entry key="column_translate" type="xdouble" value="-0.7158745615693343"/>
                <entry key="column_min" type="xdouble" value="NaN"/>
                <entry key="column_max" type="xdouble" value="NaN"/>
            </config>
            <config key="MaxHR">
                <entry key="column_name" type="xstring" value="MaxHR"/>
                <entry key="column_scale" type="xdouble" value="0.038864291948752974"/>
                <entry key="column_translate" type="xdouble" value="-5.3124638883424256"/>
                <entry key="column_min" type="xdouble" value="NaN"/>
                <entry key="column_max" type="xdouble" value="NaN"/>
            </config>
            <config key="ExerciseAngina">
                <entry key="column_name" type="xstring" value="ExerciseAngina"/>
                <entry key="column_scale" type="xdouble" value="2.0100809764571412"/>
                <entry key="column_translate" type="xdouble" value="-0.8933693228698405"/>
                <entry key="column_min" type="xdouble" value="NaN"/>
                <entry key="column_max" type="xdouble" value="NaN"/>
            </config>
            <config key="Oldpeak">
                <entry key="column_name" type="xstring" value="Oldpeak"/>
                <entry key="column_scale" type="xdouble" value="0.93929794745954"/>
                <entry key="column_translate" type="xdouble" value="-0.8538062903030563"/>
                <entry key="column_min" type="xdouble" value="NaN"/>
                <entry key="column_max" type="xdouble" value="NaN"/>
            </config>
            <config key="ST_Slope">
                <entry key="column_name" type="xstring" value="ST_Slope"/>
                <entry key="column_scale" type="xdouble" value="1.6977035010980908"/>
                <entry key="column_translate" type="xdouble" value="-1.0394922146203447"/>
                <entry key="column_min" type="xdouble" value="NaN"/>
                <entry key="column_max" type="xdouble" value="NaN"/>
            </config>
        </config>
        <entry key="summary" type="xstring" value="Z-Score (Gaussian) normalization on 11 column(s)"/>
    </config>
</config>
