<?xml version="1.0" encoding="UTF-8"?>
<config xmlns="http://www.knime.org/2008/09/XMLConfig" xmlns:xsi="http://www.w3.org/2001/XMLSchema-instance" xsi:schemaLocation="http://www.knime.org/2008/09/XMLConfig http://www.knime.org/XMLConfig_2008_09.xsd" key="model.xml">
    <entry key="version" type="xint" value="1"/>
    <entry key="class_name" type="xstring" value="org.knime.base.algorithms.outlier.NumericOutliersPortObjectSpec"/>
    <config key="model">
        <config key="group-col-types">
            <entry key="array-size" type="xint" value="0"/>
        </config>
        <config key="groups">
            <entry key="array-size" type="xint" value="0"/>
        </config>
        <config key="outliers">
            <entry key="array-size" type="xint" value="27"/>
            <entry key="0" type="xstring" value="amount_tsh"/>
            <entry key="1" type="xstring" value="date_recorded"/>
            <entry key="2" type="xstring" value="funder"/>
            <entry key="3" type="xstring" value="gps_height"/>
            <entry key="4" type="xstring" value="installer"/>
            <entry key="5" type="xstring" value="longitude"/>
            <entry key="6" type="xstring" value="latitude"/>
            <entry key="7" type="xstring" value="wpt_name"/>
            <entry key="8" type="xstring" value="num_private"/>
            <entry key="9" type="xstring" value="subvillage"/>
            <entry key="10" type="xstring" value="region"/>
            <entry key="11" type="xstring" value="region_code"/>
            <entry key="12" type="xstring" value="lga"/>
            <entry key="13" type="xstring" value="ward"/>
            <entry key="14" type="xstring" value="population"/>
            <entry key="15" type="xstring" value="public_meeting"/>
            <entry key="16" type="xstring" value="recorded_by"/>
            <entry key="17" type="xstring" value="scheme_name"/>
            <entry key="18" type="xstring" value="permit"/>
            <entry key="19" type="xstring" value="construction_year"/>
            <entry key="20" type="xstring" value="extraction_type"/>
            <entry key="21" type="xstring" value="management"/>
            <entry key="22" type="xstring" value="payment"/>
            <entry key="23" type="xstring" value="water_quality"/>
            <entry key="24" type="xstring" value="quantity"/>
            <entry key="25" type="xstring" value="source"/>
            <entry key="26" type="xstring" value="waterpoint_type"/>
        </config>
    </config>
</config>
