<?xml version="1.0" encoding="UTF-8"?>
<config xmlns="http://www.knime.org/2008/09/XMLConfig" xmlns:xsi="http://www.w3.org/2001/XMLSchema-instance" xsi:schemaLocation="http://www.knime.org/2008/09/XMLConfig http://www.knime.org/XMLConfig_2008_09.xsd" key="model.xml">
    <entry key="version" type="xint" value="1"/>
    <entry key="class_name" type="xstring" value="org.knime.base.data.normalize.NormalizerPortObject"/>
    <config key="model">
        <config key="columns">
            <config key="MaxHR">
                <entry key="column_name" type="xstring" value="MaxHR"/>
                <entry key="column_scale" type="xdouble" value="0.039188214968742176"/>
                <entry key="column_translate" type="xdouble" value="-5.368037991576588"/>
                <entry key="column_min" type="xdouble" value="NaN"/>
                <entry key="column_max" type="xdouble" value="NaN"/>
            </config>
            <config key="ExerciseAngina">
                <entry key="column_name" type="xstring" value="ExerciseAngina"/>
                <entry key="column_scale" type="xdouble" value="2.0405484566449332"/>
                <entry key="column_translate" type="xdouble" value="-0.8145513593964102"/>
                <entry key="column_min" type="xdouble" value="NaN"/>
                <entry key="column_max" type="xdouble" value="NaN"/>
            </config>
            <config key="Oldpeak">
                <entry key="column_name" type="xstring" value="Oldpeak"/>
                <entry key="column_scale" type="xdouble" value="0.9699632388614429"/>
                <entry key="column_translate" type="xdouble" value="-0.8342476739689768"/>
                <entry key="column_min" type="xdouble" value="NaN"/>
                <entry key="column_max" type="xdouble" value="NaN"/>
            </config>
            <config key="ST_Slope">
                <entry key="column_name" type="xstring" value="ST_Slope"/>
                <entry key="column_scale" type="xdouble" value="1.6816315097315186"/>
                <entry key="column_translate" type="xdouble" value="-1.0584656096675225"/>
                <entry key="column_min" type="xdouble" value="NaN"/>
                <entry key="column_max" type="xdouble" value="NaN"/>
            </config>
        </config>
        <entry key="summary" type="xstring" value="Z-Score (Gaussian) normalization on 4 column(s)"/>
    </config>
</config>
