<?xml version="1.0" encoding="UTF-8"?>
<config xmlns="http://www.knime.org/2008/09/XMLConfig" xmlns:xsi="http://www.w3.org/2001/XMLSchema-instance" xsi:schemaLocation="http://www.knime.org/2008/09/XMLConfig http://www.knime.org/XMLConfig_2008_09.xsd" key="model.xml">
    <entry key="version" type="xint" value="1"/>
    <entry key="class_name" type="xstring" value="org.knime.base.data.normalize.NormalizerPortObject"/>
    <config key="model">
        <config key="columns">
            <config key="age">
                <entry key="column_name" type="xstring" value="age"/>
                <entry key="column_scale" type="xdouble" value="0.08954402823623442"/>
                <entry key="column_translate" type="xdouble" value="-3.608559783510666"/>
                <entry key="column_min" type="xdouble" value="NaN"/>
                <entry key="column_max" type="xdouble" value="NaN"/>
            </config>
            <config key="job">
                <entry key="column_name" type="xstring" value="job"/>
                <entry key="column_scale" type="xdouble" value="0.38591171989085515"/>
                <entry key="column_translate" type="xdouble" value="-1.4811690518684932"/>
                <entry key="column_min" type="xdouble" value="NaN"/>
                <entry key="column_max" type="xdouble" value="NaN"/>
            </config>
            <config key="marital">
                <entry key="column_name" type="xstring" value="marital"/>
                <entry key="column_scale" type="xdouble" value="1.4464833751532378"/>
                <entry key="column_translate" type="xdouble" value="-0.7707942150814369"/>
                <entry key="column_min" type="xdouble" value="NaN"/>
                <entry key="column_max" type="xdouble" value="NaN"/>
            </config>
            <config key="education">
                <entry key="column_name" type="xstring" value="education"/>
                <entry key="column_scale" type="xdouble" value="0.45114983059305797"/>
                <entry key="column_translate" type="xdouble" value="-1.5338575790648687"/>
                <entry key="column_min" type="xdouble" value="NaN"/>
                <entry key="column_max" type="xdouble" value="NaN"/>
            </config>
            <config key="default">
                <entry key="column_name" type="xstring" value="default"/>
                <entry key="column_scale" type="xdouble" value="2.7312595234922035"/>
                <entry key="column_translate" type="xdouble" value="-0.43526926492778306"/>
                <entry key="column_min" type="xdouble" value="NaN"/>
                <entry key="column_max" type="xdouble" value="NaN"/>
            </config>
            <config key="housing">
                <entry key="column_name" type="xstring" value="housing"/>
                <entry key="column_scale" type="xdouble" value="1.8532877614648926"/>
                <entry key="column_translate" type="xdouble" value="-1.071492203229557"/>
                <entry key="column_min" type="xdouble" value="NaN"/>
                <entry key="column_max" type="xdouble" value="NaN"/>
            </config>
            <config key="loan">
                <entry key="column_name" type="xstring" value="loan"/>
                <entry key="column_scale" type="xdouble" value="2.2068476592261397"/>
                <entry key="column_translate" type="xdouble" value="-0.4343289704720811"/>
                <entry key="column_min" type="xdouble" value="NaN"/>
                <entry key="column_max" type="xdouble" value="NaN"/>
            </config>
            <config key="contact">
                <entry key="column_name" type="xstring" value="contact"/>
                <entry key="column_scale" type="xdouble" value="2.227224297374953"/>
                <entry key="column_translate" type="xdouble" value="-1.6036587774316093"/>
                <entry key="column_min" type="xdouble" value="NaN"/>
                <entry key="column_max" type="xdouble" value="NaN"/>
            </config>
            <config key="month">
                <entry key="column_name" type="xstring" value="month"/>
                <entry key="column_scale" type="xdouble" value="0.36686811526075547"/>
                <entry key="column_translate" type="xdouble" value="-1.0257862573206336"/>
                <entry key="column_min" type="xdouble" value="NaN"/>
                <entry key="column_max" type="xdouble" value="NaN"/>
            </config>
            <config key="day_of_week">
                <entry key="column_name" type="xstring" value="day_of_week"/>
                <entry key="column_scale" type="xdouble" value="0.716666254612433"/>
                <entry key="column_translate" type="xdouble" value="-1.430695111521991"/>
                <entry key="column_min" type="xdouble" value="NaN"/>
                <entry key="column_max" type="xdouble" value="NaN"/>
            </config>
            <config key="duration">
                <entry key="column_name" type="xstring" value="duration"/>
                <entry key="column_scale" type="xdouble" value="0.0024754865144456474"/>
                <entry key="column_translate" type="xdouble" value="-1.068830034226542"/>
                <entry key="column_min" type="xdouble" value="NaN"/>
                <entry key="column_max" type="xdouble" value="NaN"/>
            </config>
            <config key="campaign">
                <entry key="column_name" type="xstring" value="campaign"/>
                <entry key="column_scale" type="xdouble" value="0.44213589361915995"/>
                <entry key="column_translate" type="xdouble" value="-1.0069779638567513"/>
                <entry key="column_min" type="xdouble" value="NaN"/>
                <entry key="column_max" type="xdouble" value="NaN"/>
            </config>
            <config key="pdays">
                <entry key="column_name" type="xstring" value="pdays"/>
                <entry key="column_scale" type="xdouble" value="0.003381085366036612"/>
                <entry key="column_translate" type="xdouble" value="-3.0345558715330148"/>
                <entry key="column_min" type="xdouble" value="NaN"/>
                <entry key="column_max" type="xdouble" value="NaN"/>
            </config>
            <config key="previous">
                <entry key="column_name" type="xstring" value="previous"/>
                <entry key="column_scale" type="xdouble" value="1.5679329223776546"/>
                <entry key="column_translate" type="xdouble" value="-0.4544667227491842"/>
                <entry key="column_min" type="xdouble" value="NaN"/>
                <entry key="column_max" type="xdouble" value="NaN"/>
            </config>
            <config key="poutcome">
                <entry key="column_name" type="xstring" value="poutcome"/>
                <entry key="column_scale" type="xdouble" value="1.5365442504791287"/>
                <entry key="column_translate" type="xdouble" value="-0.4927510913795771"/>
                <entry key="column_min" type="xdouble" value="NaN"/>
                <entry key="column_max" type="xdouble" value="NaN"/>
            </config>
            <config key="emp.var.rate">
                <entry key="column_name" type="xstring" value="emp.var.rate"/>
                <entry key="column_scale" type="xdouble" value="0.5973681812421745"/>
                <entry key="column_translate" type="xdouble" value="0.23331282876326656"/>
                <entry key="column_min" type="xdouble" value="NaN"/>
                <entry key="column_max" type="xdouble" value="NaN"/>
            </config>
            <config key="cons.price.idx">
                <entry key="column_name" type="xstring" value="cons.price.idx"/>
                <entry key="column_scale" type="xdouble" value="1.6476364238974257"/>
                <entry key="column_translate" type="xdouble" value="-154.06602502904883"/>
                <entry key="column_min" type="xdouble" value="NaN"/>
                <entry key="column_max" type="xdouble" value="NaN"/>
            </config>
            <config key="cons.conf.idx">
                <entry key="column_name" type="xstring" value="cons.conf.idx"/>
                <entry key="column_scale" type="xdouble" value="0.19619462933971932"/>
                <entry key="column_translate" type="xdouble" value="7.856496348923608"/>
                <entry key="column_min" type="xdouble" value="NaN"/>
                <entry key="column_max" type="xdouble" value="NaN"/>
            </config>
            <config key="euribor3m">
                <entry key="column_name" type="xstring" value="euribor3m"/>
                <entry key="column_scale" type="xdouble" value="0.5429684292317137"/>
                <entry key="column_translate" type="xdouble" value="-1.6765543742765532"/>
                <entry key="column_min" type="xdouble" value="NaN"/>
                <entry key="column_max" type="xdouble" value="NaN"/>
            </config>
            <config key="nr.employed">
                <entry key="column_name" type="xstring" value="nr.employed"/>
                <entry key="column_scale" type="xdouble" value="0.011958713253501006"/>
                <entry key="column_translate" type="xdouble" value="-61.46747376054705"/>
                <entry key="column_min" type="xdouble" value="NaN"/>
                <entry key="column_max" type="xdouble" value="NaN"/>
            </config>
        </config>
        <entry key="summary" type="xstring" value="Z-Score (Gaussian) normalization on 20 column(s)"/>
    </config>
</config>
