<?xml version="1.0" encoding="UTF-8"?>
<config xmlns="http://www.knime.org/2008/09/XMLConfig" xmlns:xsi="http://www.w3.org/2001/XMLSchema-instance" xsi:schemaLocation="http://www.knime.org/2008/09/XMLConfig http://www.knime.org/XMLConfig_2008_09.xsd" key="model.xml">
    <entry key="version" type="xint" value="1"/>
    <entry key="class_name" type="xstring" value="org.knime.base.node.mine.transformation.port.TransformationPortObjectSpec"/>
    <config key="model">
        <entry key="transformation_type" type="xbyte" value="0"/>
        <config key="input_column_names">
            <entry key="array-size" type="xint" value="20"/>
            <entry key="0" type="xstring" value="battery_power"/>
            <entry key="1" type="xstring" value="blue"/>
            <entry key="2" type="xstring" value="clock_speed"/>
            <entry key="3" type="xstring" value="dual_sim"/>
            <entry key="4" type="xstring" value="fc"/>
            <entry key="5" type="xstring" value="four_g"/>
            <entry key="6" type="xstring" value="int_memory"/>
            <entry key="7" type="xstring" value="m_dep"/>
            <entry key="8" type="xstring" value="mobile_wt"/>
            <entry key="9" type="xstring" value="n_cores"/>
            <entry key="10" type="xstring" value="pc"/>
            <entry key="11" type="xstring" value="px_height"/>
            <entry key="12" type="xstring" value="px_width"/>
            <entry key="13" type="xstring" value="ram"/>
            <entry key="14" type="xstring" value="sc_h"/>
            <entry key="15" type="xstring" value="sc_w"/>
            <entry key="16" type="xstring" value="talk_time"/>
            <entry key="17" type="xstring" value="three_g"/>
            <entry key="18" type="xstring" value="touch_screen"/>
            <entry key="19" type="xstring" value="wifi"/>
        </config>
        <entry key="max_dim_to_reduce_to" type="xint" value="20"/>
    </config>
</config>
