<?xml version="1.0" encoding="UTF-8"?>
<config xmlns="http://www.knime.org/2008/09/XMLConfig" xmlns:xsi="http://www.w3.org/2001/XMLSchema-instance" xsi:schemaLocation="http://www.knime.org/2008/09/XMLConfig http://www.knime.org/XMLConfig_2008_09.xsd" key="model.xml">
    <entry key="version" type="xint" value="1"/>
    <entry key="class_name" type="xstring" value="org.knime.base.data.normalize.NormalizerPortObject"/>
    <config key="model">
        <config key="columns">
            <config key="battery_power">
                <entry key="column_name" type="xstring" value="battery_power"/>
                <entry key="column_scale" type="xdouble" value="6.680026720106881E-4"/>
                <entry key="column_translate" type="xdouble" value="-0.3346693386773547"/>
                <entry key="column_min" type="xdouble" value="0.0"/>
                <entry key="column_max" type="xdouble" value="1.0"/>
            </config>
            <config key="blue">
                <entry key="column_name" type="xstring" value="blue"/>
                <entry key="column_scale" type="xdouble" value="1.0"/>
                <entry key="column_translate" type="xdouble" value="0.0"/>
                <entry key="column_min" type="xdouble" value="0.0"/>
                <entry key="column_max" type="xdouble" value="1.0"/>
            </config>
            <config key="clock_speed">
                <entry key="column_name" type="xstring" value="clock_speed"/>
                <entry key="column_scale" type="xdouble" value="0.4"/>
                <entry key="column_translate" type="xdouble" value="-0.2"/>
                <entry key="column_min" type="xdouble" value="0.0"/>
                <entry key="column_max" type="xdouble" value="1.0"/>
            </config>
            <config key="dual_sim">
                <entry key="column_name" type="xstring" value="dual_sim"/>
                <entry key="column_scale" type="xdouble" value="1.0"/>
                <entry key="column_translate" type="xdouble" value="0.0"/>
                <entry key="column_min" type="xdouble" value="0.0"/>
                <entry key="column_max" type="xdouble" value="1.0"/>
            </config>
            <config key="fc">
                <entry key="column_name" type="xstring" value="fc"/>
                <entry key="column_scale" type="xdouble" value="0.05263157894736842"/>
                <entry key="column_translate" type="xdouble" value="0.0"/>
                <entry key="column_min" type="xdouble" value="0.0"/>
                <entry key="column_max" type="xdouble" value="1.0"/>
            </config>
            <config key="four_g">
                <entry key="column_name" type="xstring" value="four_g"/>
                <entry key="column_scale" type="xdouble" value="1.0"/>
                <entry key="column_translate" type="xdouble" value="0.0"/>
                <entry key="column_min" type="xdouble" value="0.0"/>
                <entry key="column_max" type="xdouble" value="1.0"/>
            </config>
            <config key="int_memory">
                <entry key="column_name" type="xstring" value="int_memory"/>
                <entry key="column_scale" type="xdouble" value="0.016129032258064516"/>
                <entry key="column_translate" type="xdouble" value="-0.03225806451612903"/>
                <entry key="column_min" type="xdouble" value="0.0"/>
                <entry key="column_max" type="xdouble" value="1.0"/>
            </config>
            <config key="m_dep">
                <entry key="column_name" type="xstring" value="m_dep"/>
                <entry key="column_scale" type="xdouble" value="1.1111111111111112"/>
                <entry key="column_translate" type="xdouble" value="-0.11111111111111112"/>
                <entry key="column_min" type="xdouble" value="0.0"/>
                <entry key="column_max" type="xdouble" value="1.0"/>
            </config>
            <config key="mobile_wt">
                <entry key="column_name" type="xstring" value="mobile_wt"/>
                <entry key="column_scale" type="xdouble" value="0.008333333333333333"/>
                <entry key="column_translate" type="xdouble" value="-0.6666666666666666"/>
                <entry key="column_min" type="xdouble" value="0.0"/>
                <entry key="column_max" type="xdouble" value="1.0"/>
            </config>
            <config key="n_cores">
                <entry key="column_name" type="xstring" value="n_cores"/>
                <entry key="column_scale" type="xdouble" value="0.14285714285714285"/>
                <entry key="column_translate" type="xdouble" value="-0.14285714285714285"/>
                <entry key="column_min" type="xdouble" value="0.0"/>
                <entry key="column_max" type="xdouble" value="1.0"/>
            </config>
            <config key="pc">
                <entry key="column_name" type="xstring" value="pc"/>
                <entry key="column_scale" type="xdouble" value="0.05"/>
                <entry key="column_translate" type="xdouble" value="0.0"/>
                <entry key="column_min" type="xdouble" value="0.0"/>
                <entry key="column_max" type="xdouble" value="1.0"/>
            </config>
            <config key="px_height">
                <entry key="column_name" type="xstring" value="px_height"/>
                <entry key="column_scale" type="xdouble" value="5.102040816326531E-4"/>
                <entry key="column_translate" type="xdouble" value="0.0"/>
                <entry key="column_min" type="xdouble" value="0.0"/>
                <entry key="column_max" type="xdouble" value="1.0"/>
            </config>
            <config key="px_width">
                <entry key="column_name" type="xstring" value="px_width"/>
                <entry key="column_scale" type="xdouble" value="6.675567423230974E-4"/>
                <entry key="column_translate" type="xdouble" value="-0.33377837116154874"/>
                <entry key="column_min" type="xdouble" value="0.0"/>
                <entry key="column_max" type="xdouble" value="1.0"/>
            </config>
            <config key="ram">
                <entry key="column_name" type="xstring" value="ram"/>
                <entry key="column_scale" type="xdouble" value="2.672367717797969E-4"/>
                <entry key="column_translate" type="xdouble" value="-0.068412613575628"/>
                <entry key="column_min" type="xdouble" value="0.0"/>
                <entry key="column_max" type="xdouble" value="1.0"/>
            </config>
            <config key="sc_h">
                <entry key="column_name" type="xstring" value="sc_h"/>
                <entry key="column_scale" type="xdouble" value="0.07142857142857142"/>
                <entry key="column_translate" type="xdouble" value="-0.3571428571428571"/>
                <entry key="column_min" type="xdouble" value="0.0"/>
                <entry key="column_max" type="xdouble" value="1.0"/>
            </config>
            <config key="sc_w">
                <entry key="column_name" type="xstring" value="sc_w"/>
                <entry key="column_scale" type="xdouble" value="0.05555555555555555"/>
                <entry key="column_translate" type="xdouble" value="0.0"/>
                <entry key="column_min" type="xdouble" value="0.0"/>
                <entry key="column_max" type="xdouble" value="1.0"/>
            </config>
            <config key="talk_time">
                <entry key="column_name" type="xstring" value="talk_time"/>
                <entry key="column_scale" type="xdouble" value="0.05555555555555555"/>
                <entry key="column_translate" type="xdouble" value="-0.1111111111111111"/>
                <entry key="column_min" type="xdouble" value="0.0"/>
                <entry key="column_max" type="xdouble" value="1.0"/>
            </config>
            <config key="three_g">
                <entry key="column_name" type="xstring" value="three_g"/>
                <entry key="column_scale" type="xdouble" value="1.0"/>
                <entry key="column_translate" type="xdouble" value="0.0"/>
                <entry key="column_min" type="xdouble" value="0.0"/>
                <entry key="column_max" type="xdouble" value="1.0"/>
            </config>
            <config key="touch_screen">
                <entry key="column_name" type="xstring" value="touch_screen"/>
                <entry key="column_scale" type="xdouble" value="1.0"/>
                <entry key="column_translate" type="xdouble" value="0.0"/>
                <entry key="column_min" type="xdouble" value="0.0"/>
                <entry key="column_max" type="xdouble" value="1.0"/>
            </config>
            <config key="wifi">
                <entry key="column_name" type="xstring" value="wifi"/>
                <entry key="column_scale" type="xdouble" value="1.0"/>
                <entry key="column_translate" type="xdouble" value="0.0"/>
                <entry key="column_min" type="xdouble" value="0.0"/>
                <entry key="column_max" type="xdouble" value="1.0"/>
            </config>
        </config>
        <entry key="summary" type="xstring" value="Min/Max (0.0, 1) normalization on 20 column(s)"/>
    </config>
</config>
