<?xml version="1.0" encoding="UTF-8"?>
<config xmlns="http://www.knime.org/2008/09/XMLConfig" xmlns:xsi="http://www.w3.org/2001/XMLSchema-instance" xsi:schemaLocation="http://www.knime.org/2008/09/XMLConfig http://www.knime.org/XMLConfig_2008_09.xsd" key="model.xml">
    <entry key="version" type="xint" value="1"/>
    <entry key="class_name" type="xstring" value="org.knime.base.data.normalize.NormalizerPortObject"/>
    <config key="model">
        <config key="columns">
            <config key="age">
                <entry key="column_name" type="xstring" value="age"/>
                <entry key="column_scale" type="xdouble" value="0.014084507042253521"/>
                <entry key="column_translate" type="xdouble" value="-0.2535211267605634"/>
                <entry key="column_min" type="xdouble" value="0.0"/>
                <entry key="column_max" type="xdouble" value="1.0"/>
            </config>
            <config key="job">
                <entry key="column_name" type="xstring" value="job"/>
                <entry key="column_scale" type="xdouble" value="0.09090909090909091"/>
                <entry key="column_translate" type="xdouble" value="0.0"/>
                <entry key="column_min" type="xdouble" value="0.0"/>
                <entry key="column_max" type="xdouble" value="1.0"/>
            </config>
            <config key="marital">
                <entry key="column_name" type="xstring" value="marital"/>
                <entry key="column_scale" type="xdouble" value="0.3333333333333333"/>
                <entry key="column_translate" type="xdouble" value="0.0"/>
                <entry key="column_min" type="xdouble" value="0.0"/>
                <entry key="column_max" type="xdouble" value="1.0"/>
            </config>
            <config key="education">
                <entry key="column_name" type="xstring" value="education"/>
                <entry key="column_scale" type="xdouble" value="0.14285714285714285"/>
                <entry key="column_translate" type="xdouble" value="0.0"/>
                <entry key="column_min" type="xdouble" value="0.0"/>
                <entry key="column_max" type="xdouble" value="1.0"/>
            </config>
            <config key="default">
                <entry key="column_name" type="xstring" value="default"/>
                <entry key="column_scale" type="xdouble" value="1.0"/>
                <entry key="column_translate" type="xdouble" value="0.0"/>
                <entry key="column_min" type="xdouble" value="0.0"/>
                <entry key="column_max" type="xdouble" value="1.0"/>
            </config>
            <config key="housing">
                <entry key="column_name" type="xstring" value="housing"/>
                <entry key="column_scale" type="xdouble" value="1.0"/>
                <entry key="column_translate" type="xdouble" value="0.0"/>
                <entry key="column_min" type="xdouble" value="0.0"/>
                <entry key="column_max" type="xdouble" value="1.0"/>
            </config>
            <config key="loan">
                <entry key="column_name" type="xstring" value="loan"/>
                <entry key="column_scale" type="xdouble" value="1.0"/>
                <entry key="column_translate" type="xdouble" value="0.0"/>
                <entry key="column_min" type="xdouble" value="0.0"/>
                <entry key="column_max" type="xdouble" value="1.0"/>
            </config>
            <config key="contact">
                <entry key="column_name" type="xstring" value="contact"/>
                <entry key="column_scale" type="xdouble" value="1.0"/>
                <entry key="column_translate" type="xdouble" value="0.0"/>
                <entry key="column_min" type="xdouble" value="0.0"/>
                <entry key="column_max" type="xdouble" value="1.0"/>
            </config>
            <config key="month">
                <entry key="column_name" type="xstring" value="month"/>
                <entry key="column_scale" type="xdouble" value="0.1111111111111111"/>
                <entry key="column_translate" type="xdouble" value="0.0"/>
                <entry key="column_min" type="xdouble" value="0.0"/>
                <entry key="column_max" type="xdouble" value="1.0"/>
            </config>
            <config key="day_of_week">
                <entry key="column_name" type="xstring" value="day_of_week"/>
                <entry key="column_scale" type="xdouble" value="0.25"/>
                <entry key="column_translate" type="xdouble" value="0.0"/>
                <entry key="column_min" type="xdouble" value="0.0"/>
                <entry key="column_max" type="xdouble" value="1.0"/>
            </config>
            <config key="duration">
                <entry key="column_name" type="xstring" value="duration"/>
                <entry key="column_scale" type="xdouble" value="5.17063081695967E-4"/>
                <entry key="column_translate" type="xdouble" value="0.0"/>
                <entry key="column_min" type="xdouble" value="0.0"/>
                <entry key="column_max" type="xdouble" value="1.0"/>
            </config>
            <config key="campaign">
                <entry key="column_name" type="xstring" value="campaign"/>
                <entry key="column_scale" type="xdouble" value="0.14119659713254934"/>
                <entry key="column_translate" type="xdouble" value="-0.14119659713254934"/>
                <entry key="column_min" type="xdouble" value="0.0"/>
                <entry key="column_max" type="xdouble" value="1.0"/>
            </config>
            <config key="pdays">
                <entry key="column_name" type="xstring" value="pdays"/>
                <entry key="column_scale" type="xdouble" value="1.0"/>
                <entry key="column_translate" type="xdouble" value="-999.0"/>
                <entry key="column_min" type="xdouble" value="0.0"/>
                <entry key="column_max" type="xdouble" value="1.0"/>
            </config>
            <config key="previous">
                <entry key="column_name" type="xstring" value="previous"/>
                <entry key="column_scale" type="xdouble" value="1.0"/>
                <entry key="column_translate" type="xdouble" value="0.0"/>
                <entry key="column_min" type="xdouble" value="0.0"/>
                <entry key="column_max" type="xdouble" value="1.0"/>
            </config>
            <config key="poutcome">
                <entry key="column_name" type="xstring" value="poutcome"/>
                <entry key="column_scale" type="xdouble" value="1.0"/>
                <entry key="column_translate" type="xdouble" value="0.0"/>
                <entry key="column_min" type="xdouble" value="0.0"/>
                <entry key="column_max" type="xdouble" value="1.0"/>
            </config>
            <config key="emp.var.rate">
                <entry key="column_name" type="xstring" value="emp.var.rate"/>
                <entry key="column_scale" type="xdouble" value="0.20833333333333334"/>
                <entry key="column_translate" type="xdouble" value="0.7083333333333334"/>
                <entry key="column_min" type="xdouble" value="0.0"/>
                <entry key="column_max" type="xdouble" value="1.0"/>
            </config>
            <config key="cons.price.idx">
                <entry key="column_name" type="xstring" value="cons.price.idx"/>
                <entry key="column_scale" type="xdouble" value="0.3897116134060791"/>
                <entry key="column_translate" type="xdouble" value="-35.9318004676539"/>
                <entry key="column_min" type="xdouble" value="0.0"/>
                <entry key="column_max" type="xdouble" value="1.0"/>
            </config>
            <config key="cons.conf.idx">
                <entry key="column_name" type="xstring" value="cons.conf.idx"/>
                <entry key="column_scale" type="xdouble" value="0.041841004184100423"/>
                <entry key="column_translate" type="xdouble" value="2.1255230125523012"/>
                <entry key="column_min" type="xdouble" value="0.0"/>
                <entry key="column_max" type="xdouble" value="1.0"/>
            </config>
            <config key="euribor3m">
                <entry key="column_name" type="xstring" value="euribor3m"/>
                <entry key="column_scale" type="xdouble" value="0.22670596236681026"/>
                <entry key="column_translate" type="xdouble" value="-0.1437315801405577"/>
                <entry key="column_min" type="xdouble" value="0.0"/>
                <entry key="column_max" type="xdouble" value="1.0"/>
            </config>
            <config key="nr.employed">
                <entry key="column_name" type="xstring" value="nr.employed"/>
                <entry key="column_scale" type="xdouble" value="0.003780718336483932"/>
                <entry key="column_translate" type="xdouble" value="-18.765973534971646"/>
                <entry key="column_min" type="xdouble" value="0.0"/>
                <entry key="column_max" type="xdouble" value="1.0"/>
            </config>
        </config>
        <entry key="summary" type="xstring" value="Min/Max (0.0, 1) normalization on 20 column(s)"/>
    </config>
</config>
