<?xml version="1.0" encoding="UTF-8"?>
<config xmlns="http://www.knime.org/2008/09/XMLConfig" xmlns:xsi="http://www.w3.org/2001/XMLSchema-instance" xsi:schemaLocation="http://www.knime.org/2008/09/XMLConfig http://www.knime.org/XMLConfig_2008_09.xsd" key="model.xml">
    <entry key="version" type="xint" value="1"/>
    <entry key="class_name" type="xstring" value="org.knime.base.algorithms.outlier.NumericOutliersPortObject"/>
    <config key="model">
        <entry key="summary" type="xstring" value="Outlier treatment for columns: &quot;battery_power&quot;, &quot;blue&quot;, &quot;clock_speed&quot;,  ... &lt;18 more&gt;"/>
        <config key="group-col-types">
            <entry key="array-size" type="xint" value="0"/>
        </config>
        <config key="outlier-treatment">
            <entry key="outlier-treatment" type="xstring" value="Remove outlier rows"/>
            <entry key="replacement-strategy" type="xstring" value="Missing values"/>
            <entry key="detection-option" type="xstring" value="All outliers"/>
            <entry key="update-domain" type="xboolean" value="false"/>
        </config>
        <config key="permitted intervals">
            <config key="groups">
                <entry key="array-size" type="xint" value="0"/>
            </config>
            <config key="outliers">
                <entry key="array-size" type="xint" value="21"/>
                <entry key="0" type="xstring" value="battery_power"/>
                <entry key="1" type="xstring" value="blue"/>
                <entry key="2" type="xstring" value="clock_speed"/>
                <entry key="3" type="xstring" value="dual_sim"/>
                <entry key="4" type="xstring" value="fc"/>
                <entry key="5" type="xstring" value="four_g"/>
                <entry key="6" type="xstring" value="int_memory"/>
                <entry key="7" type="xstring" value="m_dep"/>
                <entry key="8" type="xstring" value="mobile_wt"/>
                <entry key="9" type="xstring" value="n_cores"/>
                <entry key="10" type="xstring" value="pc"/>
                <entry key="11" type="xstring" value="px_height"/>
                <entry key="12" type="xstring" value="px_width"/>
                <entry key="13" type="xstring" value="ram"/>
                <entry key="14" type="xstring" value="sc_h"/>
                <entry key="15" type="xstring" value="sc_w"/>
                <entry key="16" type="xstring" value="talk_time"/>
                <entry key="17" type="xstring" value="three_g"/>
                <entry key="18" type="xstring" value="touch_screen"/>
                <entry key="19" type="xstring" value="wifi"/>
                <entry key="20" type="xstring" value="Target Class"/>
            </config>
            <config key="data">
                <config key="row0">
                    <config key="key">
                        <config key="group-key">
                            <entry key="array-size" type="xint" value="0"/>
                        </config>
                    </config>
                    <config key="interval-columns">
                        <config key="interval0">
                            <entry key="outlier" type="xstring" value="battery_power"/>
                            <config key="interval">
                                <entry key="array-size" type="xint" value="2"/>
                                <entry key="0" type="xdouble" value="-1436.0"/>
                                <entry key="1" type="xdouble" value="3884.0"/>
                            </config>
                        </config>
                        <config key="interval1">
                            <entry key="outlier" type="xstring" value="wifi"/>
                            <config key="interval">
                                <entry key="array-size" type="xint" value="2"/>
                                <entry key="0" type="xdouble" value="-3.0"/>
                                <entry key="1" type="xdouble" value="4.0"/>
                            </config>
                        </config>
                        <config key="interval2">
                            <entry key="outlier" type="xstring" value="px_width"/>
                            <config key="interval">
                                <entry key="array-size" type="xint" value="2"/>
                                <entry key="0" type="xdouble" value="-1392.0"/>
                                <entry key="1" type="xdouble" value="3907.0"/>
                            </config>
                        </config>
                        <config key="interval3">
                            <entry key="outlier" type="xstring" value="three_g"/>
                            <config key="interval">
                                <entry key="array-size" type="xint" value="2"/>
                                <entry key="0" type="xdouble" value="1.0"/>
                                <entry key="1" type="xdouble" value="1.0"/>
                            </config>
                        </config>
                        <config key="interval4">
                            <entry key="outlier" type="xstring" value="dual_sim"/>
                            <config key="interval">
                                <entry key="array-size" type="xint" value="2"/>
                                <entry key="0" type="xdouble" value="-3.0"/>
                                <entry key="1" type="xdouble" value="4.0"/>
                            </config>
                        </config>
                        <config key="interval5">
                            <entry key="outlier" type="xstring" value="mobile_wt"/>
                            <config key="interval">
                                <entry key="array-size" type="xint" value="2"/>
                                <entry key="0" type="xdouble" value="-80.0"/>
                                <entry key="1" type="xdouble" value="361.0"/>
                            </config>
                        </config>
                        <config key="interval6">
                            <entry key="outlier" type="xstring" value="sc_h"/>
                            <config key="interval">
                                <entry key="array-size" type="xint" value="2"/>
                                <entry key="0" type="xdouble" value="-12.0"/>
                                <entry key="1" type="xdouble" value="37.0"/>
                            </config>
                        </config>
                        <config key="interval7">
                            <entry key="outlier" type="xstring" value="touch_screen"/>
                            <config key="interval">
                                <entry key="array-size" type="xint" value="2"/>
                                <entry key="0" type="xdouble" value="-3.0"/>
                                <entry key="1" type="xdouble" value="4.0"/>
                            </config>
                        </config>
                        <config key="interval8">
                            <entry key="outlier" type="xstring" value="four_g"/>
                            <config key="interval">
                                <entry key="array-size" type="xint" value="2"/>
                                <entry key="0" type="xdouble" value="-3.0"/>
                                <entry key="1" type="xdouble" value="4.0"/>
                            </config>
                        </config>
                        <config key="interval9">
                            <entry key="outlier" type="xstring" value="m_dep"/>
                            <config key="interval">
                                <entry key="array-size" type="xint" value="2"/>
                                <entry key="0" type="xdouble" value="-1.6000000000000003"/>
                                <entry key="1" type="xdouble" value="2.6000000000000005"/>
                            </config>
                        </config>
                        <config key="interval10">
                            <entry key="outlier" type="xstring" value="n_cores"/>
                            <config key="interval">
                                <entry key="array-size" type="xint" value="2"/>
                                <entry key="0" type="xdouble" value="-9.0"/>
                                <entry key="1" type="xdouble" value="19.0"/>
                            </config>
                        </config>
                        <config key="interval11">
                            <entry key="outlier" type="xstring" value="int_memory"/>
                            <config key="interval">
                                <entry key="array-size" type="xint" value="2"/>
                                <entry key="0" type="xdouble" value="-80.0"/>
                                <entry key="1" type="xdouble" value="144.0"/>
                            </config>
                        </config>
                        <config key="interval12">
                            <entry key="outlier" type="xstring" value="pc"/>
                            <config key="interval">
                                <entry key="array-size" type="xint" value="2"/>
                                <entry key="0" type="xdouble" value="-29.0"/>
                                <entry key="1" type="xdouble" value="48.0"/>
                            </config>
                        </config>
                        <config key="interval13">
                            <entry key="outlier" type="xstring" value="blue"/>
                            <config key="interval">
                                <entry key="array-size" type="xint" value="2"/>
                                <entry key="0" type="xdouble" value="-3.0"/>
                                <entry key="1" type="xdouble" value="4.0"/>
                            </config>
                        </config>
                        <config key="interval14">
                            <entry key="outlier" type="xstring" value="px_height"/>
                            <config key="interval">
                                <entry key="array-size" type="xint" value="2"/>
                                <entry key="0" type="xdouble" value="-1702.0"/>
                                <entry key="1" type="xdouble" value="2946.0"/>
                            </config>
                        </config>
                        <config key="interval15">
                            <entry key="outlier" type="xstring" value="clock_speed"/>
                            <config key="interval">
                                <entry key="array-size" type="xint" value="2"/>
                                <entry key="0" type="xdouble" value="-3.8000000000000007"/>
                                <entry key="1" type="xdouble" value="6.700000000000001"/>
                            </config>
                        </config>
                        <config key="interval16">
                            <entry key="outlier" type="xstring" value="talk_time"/>
                            <config key="interval">
                                <entry key="array-size" type="xint" value="2"/>
                                <entry key="0" type="xdouble" value="-24.0"/>
                                <entry key="1" type="xdouble" value="46.0"/>
                            </config>
                        </config>
                        <config key="interval17">
                            <entry key="outlier" type="xstring" value="fc"/>
                            <config key="interval">
                                <entry key="array-size" type="xint" value="2"/>
                                <entry key="0" type="xdouble" value="-17.0"/>
                                <entry key="1" type="xdouble" value="25.0"/>
                            </config>
                        </config>
                        <config key="interval18">
                            <entry key="outlier" type="xstring" value="sc_w"/>
                            <config key="interval">
                                <entry key="array-size" type="xint" value="2"/>
                                <entry key="0" type="xdouble" value="-19.0"/>
                                <entry key="1" type="xdouble" value="30.0"/>
                            </config>
                        </config>
                        <config key="interval19">
                            <entry key="outlier" type="xstring" value="ram"/>
                            <config key="interval">
                                <entry key="array-size" type="xint" value="2"/>
                                <entry key="0" type="xdouble" value="-4407.0"/>
                                <entry key="1" type="xdouble" value="8683.0"/>
                            </config>
                        </config>
                        <config key="interval20">
                            <entry key="outlier" type="xstring" value="Target Class"/>
                            <config key="interval">
                                <entry key="array-size" type="xint" value="2"/>
                                <entry key="0" type="xdouble" value="-6.0"/>
                                <entry key="1" type="xdouble" value="8.0"/>
                            </config>
                        </config>
                    </config>
                </config>
            </config>
        </config>
    </config>
</config>
