<?xml version="1.0" encoding="UTF-8"?>
<config xmlns="http://www.knime.org/2008/09/XMLConfig" xmlns:xsi="http://www.w3.org/2001/XMLSchema-instance" xsi:schemaLocation="http://www.knime.org/2008/09/XMLConfig http://www.knime.org/XMLConfig_2008_09.xsd" key="preprocessing">
    <config key="preprocColumns">
        <entry key="array-size" type="xint" value="5"/>
        <entry key="0" type="xstring" value="Sex (to number)"/>
        <entry key="1" type="xstring" value="ChestPainType (to number)"/>
        <entry key="2" type="xstring" value="RestingECG (to number)"/>
        <entry key="3" type="xstring" value="ExerciseAngina (to number)"/>
        <entry key="4" type="xstring" value="ST_Slope (to number)"/>
    </config>
</config>
