<?xml version="1.0" encoding="UTF-8"?>
<config xmlns="http://www.knime.org/2008/09/XMLConfig" xmlns:xsi="http://www.w3.org/2001/XMLSchema-instance" xsi:schemaLocation="http://www.knime.org/2008/09/XMLConfig http://www.knime.org/XMLConfig_2008_09.xsd" key="preprocessing">
    <config key="preprocColumns">
        <entry key="array-size" type="xint" value="10"/>
        <entry key="0" type="xstring" value="age"/>
        <entry key="1" type="xstring" value="duration"/>
        <entry key="2" type="xstring" value="campaign"/>
        <entry key="3" type="xstring" value="pdays"/>
        <entry key="4" type="xstring" value="previous"/>
        <entry key="5" type="xstring" value="emp.var.rate"/>
        <entry key="6" type="xstring" value="cons.price.idx"/>
        <entry key="7" type="xstring" value="cons.conf.idx"/>
        <entry key="8" type="xstring" value="euribor3m"/>
        <entry key="9" type="xstring" value="nr.employed"/>
    </config>
</config>
