<?xml version="1.0" encoding="UTF-8"?>
<config xmlns="http://www.knime.org/2008/09/XMLConfig" xmlns:xsi="http://www.w3.org/2001/XMLSchema-instance" xsi:schemaLocation="http://www.knime.org/2008/09/XMLConfig http://www.knime.org/XMLConfig_2008_09.xsd" key="model.xml">
    <entry key="version" type="xint" value="1"/>
    <entry key="class_name" type="xstring" value="org.knime.base.data.normalize.NormalizerPortObject"/>
    <config key="model">
        <config key="columns">
            <config key="amount_tsh">
                <entry key="column_name" type="xstring" value="amount_tsh"/>
                <entry key="column_scale" type="xdouble" value="0.018867924528301886"/>
                <entry key="column_translate" type="xdouble" value="0.0"/>
                <entry key="column_min" type="xdouble" value="0.0"/>
                <entry key="column_max" type="xdouble" value="1.0"/>
            </config>
            <config key="date_recorded">
                <entry key="column_name" type="xstring" value="date_recorded"/>
                <entry key="column_scale" type="xdouble" value="0.002824858757062147"/>
                <entry key="column_translate" type="xdouble" value="0.0"/>
                <entry key="column_min" type="xdouble" value="0.0"/>
                <entry key="column_max" type="xdouble" value="1.0"/>
            </config>
            <config key="funder">
                <entry key="column_name" type="xstring" value="funder"/>
                <entry key="column_scale" type="xdouble" value="0.0022371364653243847"/>
                <entry key="column_translate" type="xdouble" value="0.0"/>
                <entry key="column_min" type="xdouble" value="0.0"/>
                <entry key="column_max" type="xdouble" value="1.0"/>
            </config>
            <config key="gps_height">
                <entry key="column_name" type="xstring" value="gps_height"/>
                <entry key="column_scale" type="xdouble" value="3.7313432835820896E-4"/>
                <entry key="column_translate" type="xdouble" value="0.019402985074626865"/>
                <entry key="column_min" type="xdouble" value="0.0"/>
                <entry key="column_max" type="xdouble" value="1.0"/>
            </config>
            <config key="installer">
                <entry key="column_name" type="xstring" value="installer"/>
                <entry key="column_scale" type="xdouble" value="0.001890359168241966"/>
                <entry key="column_translate" type="xdouble" value="0.0"/>
                <entry key="column_min" type="xdouble" value="0.0"/>
                <entry key="column_max" type="xdouble" value="1.0"/>
            </config>
            <config key="longitude">
                <entry key="column_name" type="xstring" value="longitude"/>
                <entry key="column_scale" type="xdouble" value="0.09424745352216284"/>
                <entry key="column_translate" type="xdouble" value="-2.7909033667900016"/>
                <entry key="column_min" type="xdouble" value="0.0"/>
                <entry key="column_max" type="xdouble" value="1.0"/>
            </config>
            <config key="latitude">
                <entry key="column_name" type="xstring" value="latitude"/>
                <entry key="column_scale" type="xdouble" value="0.09466268468335981"/>
                <entry key="column_translate" type="xdouble" value="1.094517315931626"/>
                <entry key="column_min" type="xdouble" value="0.0"/>
                <entry key="column_max" type="xdouble" value="1.0"/>
            </config>
            <config key="wpt_name">
                <entry key="column_name" type="xstring" value="wpt_name"/>
                <entry key="column_scale" type="xdouble" value="2.8572244921283467E-5"/>
                <entry key="column_translate" type="xdouble" value="0.0"/>
                <entry key="column_min" type="xdouble" value="0.0"/>
                <entry key="column_max" type="xdouble" value="1.0"/>
            </config>
            <config key="num_private">
                <entry key="column_name" type="xstring" value="num_private"/>
                <entry key="column_scale" type="xdouble" value="1.0"/>
                <entry key="column_translate" type="xdouble" value="0.0"/>
                <entry key="column_min" type="xdouble" value="0.0"/>
                <entry key="column_max" type="xdouble" value="1.0"/>
            </config>
            <config key="subvillage">
                <entry key="column_name" type="xstring" value="subvillage"/>
                <entry key="column_scale" type="xdouble" value="5.413012882970661E-5"/>
                <entry key="column_translate" type="xdouble" value="0.0"/>
                <entry key="column_min" type="xdouble" value="0.0"/>
                <entry key="column_max" type="xdouble" value="1.0"/>
            </config>
            <config key="region">
                <entry key="column_name" type="xstring" value="region"/>
                <entry key="column_scale" type="xdouble" value="0.05"/>
                <entry key="column_translate" type="xdouble" value="0.0"/>
                <entry key="column_min" type="xdouble" value="0.0"/>
                <entry key="column_max" type="xdouble" value="1.0"/>
            </config>
            <config key="region_code">
                <entry key="column_name" type="xstring" value="region_code"/>
                <entry key="column_scale" type="xdouble" value="0.043478260869565216"/>
                <entry key="column_translate" type="xdouble" value="-0.043478260869565216"/>
                <entry key="column_min" type="xdouble" value="0.0"/>
                <entry key="column_max" type="xdouble" value="1.0"/>
            </config>
            <config key="lga">
                <entry key="column_name" type="xstring" value="lga"/>
                <entry key="column_scale" type="xdouble" value="0.008130081300813009"/>
                <entry key="column_translate" type="xdouble" value="0.0"/>
                <entry key="column_min" type="xdouble" value="0.0"/>
                <entry key="column_max" type="xdouble" value="1.0"/>
            </config>
            <config key="ward">
                <entry key="column_name" type="xstring" value="ward"/>
                <entry key="column_scale" type="xdouble" value="4.8123195380173246E-4"/>
                <entry key="column_translate" type="xdouble" value="0.0"/>
                <entry key="column_min" type="xdouble" value="0.0"/>
                <entry key="column_max" type="xdouble" value="1.0"/>
            </config>
            <config key="population">
                <entry key="column_name" type="xstring" value="population"/>
                <entry key="column_scale" type="xdouble" value="0.0011904761904761906"/>
                <entry key="column_translate" type="xdouble" value="0.0"/>
                <entry key="column_min" type="xdouble" value="0.0"/>
                <entry key="column_max" type="xdouble" value="1.0"/>
            </config>
            <config key="public_meeting">
                <entry key="column_name" type="xstring" value="public_meeting"/>
                <entry key="column_scale" type="xdouble" value="1.0"/>
                <entry key="column_translate" type="xdouble" value="0.0"/>
                <entry key="column_min" type="xdouble" value="0.0"/>
                <entry key="column_max" type="xdouble" value="1.0"/>
            </config>
            <config key="recorded_by">
                <entry key="column_name" type="xstring" value="recorded_by"/>
                <entry key="column_scale" type="xdouble" value="1.0"/>
                <entry key="column_translate" type="xdouble" value="0.0"/>
                <entry key="column_min" type="xdouble" value="0.0"/>
                <entry key="column_max" type="xdouble" value="1.0"/>
            </config>
            <config key="scheme_name">
                <entry key="column_name" type="xstring" value="scheme_name"/>
                <entry key="column_scale" type="xdouble" value="5.605381165919282E-4"/>
                <entry key="column_translate" type="xdouble" value="0.0"/>
                <entry key="column_min" type="xdouble" value="0.0"/>
                <entry key="column_max" type="xdouble" value="1.0"/>
            </config>
            <config key="permit">
                <entry key="column_name" type="xstring" value="permit"/>
                <entry key="column_scale" type="xdouble" value="1.0"/>
                <entry key="column_translate" type="xdouble" value="0.0"/>
                <entry key="column_min" type="xdouble" value="0.0"/>
                <entry key="column_max" type="xdouble" value="1.0"/>
            </config>
            <config key="construction_year">
                <entry key="column_name" type="xstring" value="construction_year"/>
                <entry key="column_scale" type="xdouble" value="4.967709885742673E-4"/>
                <entry key="column_translate" type="xdouble" value="0.0"/>
                <entry key="column_min" type="xdouble" value="0.0"/>
                <entry key="column_max" type="xdouble" value="1.0"/>
            </config>
            <config key="extraction_type">
                <entry key="column_name" type="xstring" value="extraction_type"/>
                <entry key="column_scale" type="xdouble" value="0.0625"/>
                <entry key="column_translate" type="xdouble" value="0.0"/>
                <entry key="column_min" type="xdouble" value="0.0"/>
                <entry key="column_max" type="xdouble" value="1.0"/>
            </config>
            <config key="management">
                <entry key="column_name" type="xstring" value="management"/>
                <entry key="column_scale" type="xdouble" value="0.25"/>
                <entry key="column_translate" type="xdouble" value="0.0"/>
                <entry key="column_min" type="xdouble" value="0.0"/>
                <entry key="column_max" type="xdouble" value="1.0"/>
            </config>
            <config key="payment">
                <entry key="column_name" type="xstring" value="payment"/>
                <entry key="column_scale" type="xdouble" value="0.16666666666666666"/>
                <entry key="column_translate" type="xdouble" value="0.0"/>
                <entry key="column_min" type="xdouble" value="0.0"/>
                <entry key="column_max" type="xdouble" value="1.0"/>
            </config>
            <config key="water_quality">
                <entry key="column_name" type="xstring" value="water_quality"/>
                <entry key="column_scale" type="xdouble" value="1.0"/>
                <entry key="column_translate" type="xdouble" value="0.0"/>
                <entry key="column_min" type="xdouble" value="0.0"/>
                <entry key="column_max" type="xdouble" value="1.0"/>
            </config>
            <config key="quantity">
                <entry key="column_name" type="xstring" value="quantity"/>
                <entry key="column_scale" type="xdouble" value="0.25"/>
                <entry key="column_translate" type="xdouble" value="0.0"/>
                <entry key="column_min" type="xdouble" value="0.0"/>
                <entry key="column_max" type="xdouble" value="1.0"/>
            </config>
            <config key="source">
                <entry key="column_name" type="xstring" value="source"/>
                <entry key="column_scale" type="xdouble" value="0.1111111111111111"/>
                <entry key="column_translate" type="xdouble" value="0.0"/>
                <entry key="column_min" type="xdouble" value="0.0"/>
                <entry key="column_max" type="xdouble" value="1.0"/>
            </config>
            <config key="waterpoint_type">
                <entry key="column_name" type="xstring" value="waterpoint_type"/>
                <entry key="column_scale" type="xdouble" value="0.2"/>
                <entry key="column_translate" type="xdouble" value="0.0"/>
                <entry key="column_min" type="xdouble" value="0.0"/>
                <entry key="column_max" type="xdouble" value="1.0"/>
            </config>
            <config key="Target Class">
                <entry key="column_name" type="xstring" value="Target Class"/>
                <entry key="column_scale" type="xdouble" value="1.0"/>
                <entry key="column_translate" type="xdouble" value="0.0"/>
                <entry key="column_min" type="xdouble" value="0.0"/>
                <entry key="column_max" type="xdouble" value="1.0"/>
            </config>
        </config>
        <entry key="summary" type="xstring" value="Min/Max (0.0, 1) normalization on 28 column(s)"/>
    </config>
</config>
