<?xml version="1.0" encoding="UTF-8"?>
<config xmlns="http://www.knime.org/2008/09/XMLConfig" xmlns:xsi="http://www.w3.org/2001/XMLSchema-instance" xsi:schemaLocation="http://www.knime.org/2008/09/XMLConfig http://www.knime.org/XMLConfig_2008_09.xsd" key="model.xml">
    <entry key="version" type="xint" value="1"/>
    <entry key="class_name" type="xstring" value="org.knime.base.data.normalize.NormalizerPortObject"/>
    <config key="model">
        <config key="columns">
            <config key="Age">
                <entry key="column_name" type="xstring" value="Age"/>
                <entry key="column_scale" type="xdouble" value="0.10544933248448356"/>
                <entry key="column_translate" type="xdouble" value="-5.5344281464707334"/>
                <entry key="column_min" type="xdouble" value="NaN"/>
                <entry key="column_max" type="xdouble" value="NaN"/>
            </config>
            <config key="Sex">
                <entry key="column_name" type="xstring" value="Sex"/>
                <entry key="column_scale" type="xdouble" value="2.3520065331403175"/>
                <entry key="column_translate" type="xdouble" value="-0.5559900830489286"/>
                <entry key="column_min" type="xdouble" value="NaN"/>
                <entry key="column_max" type="xdouble" value="NaN"/>
            </config>
            <config key="ChestPainType">
                <entry key="column_name" type="xstring" value="ChestPainType"/>
                <entry key="column_scale" type="xdouble" value="1.138059900881307"/>
                <entry key="column_translate" type="xdouble" value="-1.5685008949109125"/>
                <entry key="column_min" type="xdouble" value="NaN"/>
                <entry key="column_max" type="xdouble" value="NaN"/>
            </config>
            <config key="RestingBP">
                <entry key="column_name" type="xstring" value="RestingBP"/>
                <entry key="column_scale" type="xdouble" value="0.05804651246439764"/>
                <entry key="column_translate" type="xdouble" value="-7.653324558880384"/>
                <entry key="column_min" type="xdouble" value="NaN"/>
                <entry key="column_max" type="xdouble" value="NaN"/>
            </config>
            <config key="Cholesterol">
                <entry key="column_name" type="xstring" value="Cholesterol"/>
                <entry key="column_scale" type="xdouble" value="0.019416739842673156"/>
                <entry key="column_translate" type="xdouble" value="-4.629696292286664"/>
                <entry key="column_min" type="xdouble" value="NaN"/>
                <entry key="column_max" type="xdouble" value="NaN"/>
            </config>
            <config key="FastingBS">
                <entry key="column_name" type="xstring" value="FastingBS"/>
                <entry key="column_scale" type="xdouble" value="1.0"/>
                <entry key="column_translate" type="xdouble" value="-0.0"/>
                <entry key="column_min" type="xdouble" value="NaN"/>
                <entry key="column_max" type="xdouble" value="NaN"/>
            </config>
            <config key="RestingECG">
                <entry key="column_name" type="xstring" value="RestingECG"/>
                <entry key="column_scale" type="xdouble" value="1.233616739245136"/>
                <entry key="column_translate" type="xdouble" value="-0.7157804862382241"/>
                <entry key="column_min" type="xdouble" value="NaN"/>
                <entry key="column_max" type="xdouble" value="NaN"/>
            </config>
            <config key="MaxHR">
                <entry key="column_name" type="xstring" value="MaxHR"/>
                <entry key="column_scale" type="xdouble" value="0.03951153923185937"/>
                <entry key="column_translate" type="xdouble" value="-5.4771031539498845"/>
                <entry key="column_min" type="xdouble" value="NaN"/>
                <entry key="column_max" type="xdouble" value="NaN"/>
            </config>
            <config key="ExerciseAngina">
                <entry key="column_name" type="xstring" value="ExerciseAngina"/>
                <entry key="column_scale" type="xdouble" value="2.047709342927739"/>
                <entry key="column_translate" type="xdouble" value="-0.8008949149273243"/>
                <entry key="column_min" type="xdouble" value="NaN"/>
                <entry key="column_max" type="xdouble" value="NaN"/>
            </config>
            <config key="Oldpeak">
                <entry key="column_name" type="xstring" value="Oldpeak"/>
                <entry key="column_scale" type="xdouble" value="0.9479122368815346"/>
                <entry key="column_translate" type="xdouble" value="-0.8061328134855004"/>
                <entry key="column_min" type="xdouble" value="NaN"/>
                <entry key="column_max" type="xdouble" value="NaN"/>
            </config>
            <config key="ST_Slope">
                <entry key="column_name" type="xstring" value="ST_Slope"/>
                <entry key="column_scale" type="xdouble" value="1.6879711356787643"/>
                <entry key="column_translate" type="xdouble" value="-0.9697369991506939"/>
                <entry key="column_min" type="xdouble" value="NaN"/>
                <entry key="column_max" type="xdouble" value="NaN"/>
            </config>
        </config>
        <entry key="summary" type="xstring" value="Z-Score (Gaussian) normalization on 11 column(s)"/>
    </config>
</config>
