<?xml version="1.0" encoding="UTF-8"?>
<config xmlns="http://www.knime.org/2008/09/XMLConfig" xmlns:xsi="http://www.w3.org/2001/XMLSchema-instance" xsi:schemaLocation="http://www.knime.org/2008/09/XMLConfig http://www.knime.org/XMLConfig_2008_09.xsd" key="model.xml">
    <entry key="version" type="xint" value="1"/>
    <entry key="class_name" type="xstring" value="org.knime.base.algorithms.outlier.NumericOutliersPortObject"/>
    <config key="model">
        <entry key="summary" type="xstring" value="Outlier treatment for columns: &quot;age&quot;, &quot;job&quot;, &quot;marital&quot;,  ... &lt;17 more&gt;"/>
        <config key="group-col-types">
            <entry key="array-size" type="xint" value="0"/>
        </config>
        <config key="outlier-treatment">
            <entry key="outlier-treatment" type="xstring" value="Remove outlier rows"/>
            <entry key="replacement-strategy" type="xstring" value="Missing values"/>
            <entry key="detection-option" type="xstring" value="All outliers"/>
            <entry key="update-domain" type="xboolean" value="false"/>
        </config>
        <config key="permitted intervals">
            <config key="groups">
                <entry key="array-size" type="xint" value="0"/>
            </config>
            <config key="outliers">
                <entry key="array-size" type="xint" value="20"/>
                <entry key="0" type="xstring" value="age"/>
                <entry key="1" type="xstring" value="job"/>
                <entry key="2" type="xstring" value="marital"/>
                <entry key="3" type="xstring" value="education"/>
                <entry key="4" type="xstring" value="default"/>
                <entry key="5" type="xstring" value="housing"/>
                <entry key="6" type="xstring" value="loan"/>
                <entry key="7" type="xstring" value="contact"/>
                <entry key="8" type="xstring" value="month"/>
                <entry key="9" type="xstring" value="day_of_week"/>
                <entry key="10" type="xstring" value="duration"/>
                <entry key="11" type="xstring" value="campaign"/>
                <entry key="12" type="xstring" value="pdays"/>
                <entry key="13" type="xstring" value="previous"/>
                <entry key="14" type="xstring" value="poutcome"/>
                <entry key="15" type="xstring" value="emp.var.rate"/>
                <entry key="16" type="xstring" value="cons.price.idx"/>
                <entry key="17" type="xstring" value="cons.conf.idx"/>
                <entry key="18" type="xstring" value="euribor3m"/>
                <entry key="19" type="xstring" value="nr.employed"/>
            </config>
            <config key="data">
                <config key="row0">
                    <config key="key">
                        <config key="group-key">
                            <entry key="array-size" type="xint" value="0"/>
                        </config>
                    </config>
                    <config key="interval-columns">
                        <config key="interval0">
                            <entry key="outlier" type="xstring" value="cons.conf.idx"/>
                            <config key="interval">
                                <entry key="array-size" type="xint" value="2"/>
                                <entry key="0" type="xdouble" value="-4.558448100901734"/>
                                <entry key="1" type="xdouble" value="4.970098726707478"/>
                            </config>
                        </config>
                        <config key="interval1">
                            <entry key="outlier" type="xstring" value="loan"/>
                            <config key="interval">
                                <entry key="array-size" type="xint" value="2"/>
                                <entry key="0" type="xdouble" value="-0.43808387962242623"/>
                                <entry key="1" type="xdouble" value="-0.43808387962242623"/>
                            </config>
                        </config>
                        <config key="interval2">
                            <entry key="outlier" type="xstring" value="education"/>
                            <config key="interval">
                                <entry key="array-size" type="xint" value="2"/>
                                <entry key="0" type="xdouble" value="-7.905437581671444"/>
                                <entry key="1" type="xdouble" value="8.109020426506882"/>
                            </config>
                        </config>
                        <config key="interval3">
                            <entry key="outlier" type="xstring" value="previous"/>
                            <config key="interval">
                                <entry key="array-size" type="xint" value="2"/>
                                <entry key="0" type="xdouble" value="-0.3494900415006037"/>
                                <entry key="1" type="xdouble" value="-0.3494900415006037"/>
                            </config>
                        </config>
                        <config key="interval4">
                            <entry key="outlier" type="xstring" value="housing"/>
                            <config key="interval">
                                <entry key="array-size" type="xint" value="2"/>
                                <entry key="0" type="xdouble" value="-6.599873364574609"/>
                                <entry key="1" type="xdouble" value="6.334119899296339"/>
                            </config>
                        </config>
                        <config key="interval5">
                            <entry key="outlier" type="xstring" value="cons.price.idx"/>
                            <config key="interval">
                                <entry key="array-size" type="xint" value="2"/>
                                <entry key="0" type="xdouble" value="-5.627918065014029"/>
                                <entry key="1" type="xdouble" value="5.4856875184693195"/>
                            </config>
                        </config>
                        <config key="interval6">
                            <entry key="outlier" type="xstring" value="poutcome"/>
                            <config key="interval">
                                <entry key="array-size" type="xint" value="2"/>
                                <entry key="0" type="xdouble" value="-0.3727974917039134"/>
                                <entry key="1" type="xdouble" value="-0.3727974917039134"/>
                            </config>
                        </config>
                        <config key="interval7">
                            <entry key="outlier" type="xstring" value="euribor3m"/>
                            <config key="interval">
                                <entry key="array-size" type="xint" value="2"/>
                                <entry key="0" type="xdouble" value="-7.569148984361382"/>
                                <entry key="1" type="xdouble" value="7.028583947281695"/>
                            </config>
                        </config>
                        <config key="interval8">
                            <entry key="outlier" type="xstring" value="duration"/>
                            <config key="interval">
                                <entry key="array-size" type="xint" value="2"/>
                                <entry key="0" type="xdouble" value="-3.1097167004895603"/>
                                <entry key="1" type="xdouble" value="2.7488315898831672"/>
                            </config>
                        </config>
                        <config key="interval9">
                            <entry key="outlier" type="xstring" value="marital"/>
                            <config key="interval">
                                <entry key="array-size" type="xint" value="2"/>
                                <entry key="0" type="xdouble" value="-5.038373677720878"/>
                                <entry key="1" type="xdouble" value="5.007849905682345"/>
                            </config>
                        </config>
                        <config key="interval10">
                            <entry key="outlier" type="xstring" value="default"/>
                            <config key="interval">
                                <entry key="array-size" type="xint" value="2"/>
                                <entry key="0" type="xdouble" value="-0.5135934560777304"/>
                                <entry key="1" type="xdouble" value="-0.5135934560777304"/>
                            </config>
                        </config>
                        <config key="interval11">
                            <entry key="outlier" type="xstring" value="month"/>
                            <config key="interval">
                                <entry key="array-size" type="xint" value="2"/>
                                <entry key="0" type="xdouble" value="-4.631425401841054"/>
                                <entry key="1" type="xdouble" value="4.013827384753683"/>
                            </config>
                        </config>
                        <config key="interval12">
                            <entry key="outlier" type="xstring" value="contact"/>
                            <config key="interval">
                                <entry key="array-size" type="xint" value="2"/>
                                <entry key="0" type="xdouble" value="-7.548698097413132"/>
                                <entry key="1" type="xdouble" value="6.9890049021177045"/>
                            </config>
                        </config>
                        <config key="interval13">
                            <entry key="outlier" type="xstring" value="campaign"/>
                            <config key="interval">
                                <entry key="array-size" type="xint" value="2"/>
                                <entry key="0" type="xdouble" value="-2.7319694959836296"/>
                                <entry key="1" type="xdouble" value="2.322157418259287"/>
                            </config>
                        </config>
                        <config key="interval14">
                            <entry key="outlier" type="xstring" value="job"/>
                            <config key="interval">
                                <entry key="array-size" type="xint" value="2"/>
                                <entry key="0" type="xdouble" value="-3.1268653442683605"/>
                                <entry key="1" type="xdouble" value="2.5778356567825527"/>
                            </config>
                        </config>
                        <config key="interval15">
                            <entry key="outlier" type="xstring" value="emp.var.rate"/>
                            <config key="interval">
                                <entry key="array-size" type="xint" value="2"/>
                                <entry key="0" type="xdouble" value="-7.308834978070381"/>
                                <entry key="1" type="xdouble" value="6.949964545733925"/>
                            </config>
                        </config>
                        <config key="interval16">
                            <entry key="outlier" type="xstring" value="age"/>
                            <config key="interval">
                                <entry key="array-size" type="xint" value="2"/>
                                <entry key="0" type="xdouble" value="-5.0880710570183325"/>
                                <entry key="1" type="xdouble" value="4.987495712044913"/>
                            </config>
                        </config>
                        <config key="interval17">
                            <entry key="outlier" type="xstring" value="pdays"/>
                            <config key="interval">
                                <entry key="array-size" type="xint" value="2"/>
                                <entry key="0" type="xdouble" value="0.19541152789387972"/>
                                <entry key="1" type="xdouble" value="0.19541152789387972"/>
                            </config>
                        </config>
                        <config key="interval18">
                            <entry key="outlier" type="xstring" value="day_of_week"/>
                            <config key="interval">
                                <entry key="array-size" type="xint" value="2"/>
                                <entry key="0" type="xdouble" value="-4.944747929923294"/>
                                <entry key="1" type="xdouble" value="4.973679370981207"/>
                            </config>
                        </config>
                        <config key="interval19">
                            <entry key="outlier" type="xstring" value="nr.employed"/>
                            <config key="interval">
                                <entry key="array-size" type="xint" value="2"/>
                                <entry key="0" type="xdouble" value="-6.296557673268026"/>
                                <entry key="1" type="xdouble" value="6.201447962627128"/>
                            </config>
                        </config>
                    </config>
                </config>
            </config>
        </config>
    </config>
</config>
