<?xml version="1.0" encoding="UTF-8"?>
<config xmlns="http://www.knime.org/2008/09/XMLConfig" xmlns:xsi="http://www.w3.org/2001/XMLSchema-instance" xsi:schemaLocation="http://www.knime.org/2008/09/XMLConfig http://www.knime.org/XMLConfig_2008_09.xsd" key="model.xml">
    <entry key="version" type="xint" value="1"/>
    <entry key="class_name" type="xstring" value="org.knime.base.node.mine.transformation.port.TransformationPortObject"/>
    <config key="model">
        <entry key="max_dim_to_reduce_to" type="xint" value="20"/>
        <config key="eigenvalues">
            <entry key="array-size" type="xint" value="20"/>
            <entry key="0" type="xdouble" value="1175453.5101716444"/>
            <entry key="1" type="xdouble" value="293389.15846168075"/>
            <entry key="2" type="xdouble" value="192332.8792861068"/>
            <entry key="3" type="xdouble" value="93348.52196550964"/>
            <entry key="4" type="xdouble" value="1278.246978151212"/>
            <entry key="5" type="xdouble" value="327.62374025339466"/>
            <entry key="6" type="xdouble" value="46.68863060819115"/>
            <entry key="7" type="xdouble" value="30.75723223169651"/>
            <entry key="8" type="xdouble" value="27.750484546348073"/>
            <entry key="9" type="xdouble" value="8.917168212995719"/>
            <entry key="10" type="xdouble" value="8.711234908101261"/>
            <entry key="11" type="xdouble" value="5.2898187752651"/>
            <entry key="12" type="xdouble" value="0.670484997357943"/>
            <entry key="13" type="xdouble" value="0.345280125791892"/>
            <entry key="14" type="xdouble" value="0.26101487676835694"/>
            <entry key="15" type="xdouble" value="0.25223224055067744"/>
            <entry key="16" type="xdouble" value="0.2457558464640389"/>
            <entry key="17" type="xdouble" value="0.2316879355609798"/>
            <entry key="18" type="xdouble" value="0.08539252506160445"/>
            <entry key="19" type="xdouble" value="0.08276775222309544"/>
        </config>
        <config key="center">
            <entry key="array-size" type="xint" value="20"/>
            <entry key="0" type="xdouble" value="1240.6442857142831"/>
            <entry key="1" type="xdouble" value="0.48785714285714243"/>
            <entry key="2" type="xdouble" value="1.5124999999999982"/>
            <entry key="3" type="xdouble" value="0.5099999999999999"/>
            <entry key="4" type="xdouble" value="4.2571428571428545"/>
            <entry key="5" type="xdouble" value="0.5214285714285712"/>
            <entry key="6" type="xdouble" value="31.60642857142857"/>
            <entry key="7" type="xdouble" value="0.5002857142857148"/>
            <entry key="8" type="xdouble" value="140.3335714285715"/>
            <entry key="9" type="xdouble" value="4.512142857142865"/>
            <entry key="10" type="xdouble" value="9.865000000000007"/>
            <entry key="11" type="xdouble" value="643.0542857142851"/>
            <entry key="12" type="xdouble" value="1257.6449999999993"/>
            <entry key="13" type="xdouble" value="2114.499285714289"/>
            <entry key="14" type="xdouble" value="12.349285714285726"/>
            <entry key="15" type="xdouble" value="5.754999999999993"/>
            <entry key="16" type="xdouble" value="11.052142857142863"/>
            <entry key="17" type="xdouble" value="0.7571428571428572"/>
            <entry key="18" type="xdouble" value="0.5164285714285723"/>
            <entry key="19" type="xdouble" value="0.5000000000000007"/>
        </config>
        <entry key="number_rows" type="xint" value="20"/>
        <config key="eigenvector">
            <config key="row_0">
                <entry key="array-size" type="xint" value="20"/>
                <entry key="0" type="xdouble" value="0.0036025622242218426"/>
                <entry key="1" type="xdouble" value="9.85155373158216E-6"/>
                <entry key="2" type="xdouble" value="-3.215827624629511E-6"/>
                <entry key="3" type="xdouble" value="2.064414425974512E-5"/>
                <entry key="4" type="xdouble" value="3.374655472538008E-5"/>
                <entry key="5" type="xdouble" value="4.973634393423455E-6"/>
                <entry key="6" type="xdouble" value="5.902549078492801E-4"/>
                <entry key="7" type="xdouble" value="-2.2988487179117585E-6"/>
                <entry key="8" type="xdouble" value="-4.804925689177783E-4"/>
                <entry key="9" type="xdouble" value="5.0075370729559774E-5"/>
                <entry key="10" type="xdouble" value="2.2515760762717546E-4"/>
                <entry key="11" type="xdouble" value="-0.010821050023147396"/>
                <entry key="12" type="xdouble" value="1.1186358984247804E-4"/>
                <entry key="13" type="xdouble" value="0.9999346066989088"/>
                <entry key="14" type="xdouble" value="6.455736831614409E-5"/>
                <entry key="15" type="xdouble" value="1.731683416352797E-4"/>
                <entry key="16" type="xdouble" value="1.6688356816695285E-4"/>
                <entry key="17" type="xdouble" value="3.170667914580145E-6"/>
                <entry key="18" type="xdouble" value="-6.2528113263093765E-6"/>
                <entry key="19" type="xdouble" value="-4.0688829147717914E-7"/>
            </config>
            <config key="row_1">
                <entry key="array-size" type="xint" value="20"/>
                <entry key="0" type="xdouble" value="-0.016738076251196592"/>
                <entry key="1" type="xdouble" value="-4.843873606819357E-6"/>
                <entry key="2" type="xdouble" value="2.9392320081745054E-5"/>
                <entry key="3" type="xdouble" value="-2.6953066155486845E-6"/>
                <entry key="4" type="xdouble" value="5.338451896741049E-6"/>
                <entry key="5" type="xdouble" value="4.2454873937478985E-6"/>
                <entry key="6" type="xdouble" value="-1.2983427454077713E-5"/>
                <entry key="7" type="xdouble" value="-6.281426212957523E-6"/>
                <entry key="8" type="xdouble" value="1.0568172041741518E-4"/>
                <entry key="9" type="xdouble" value="1.6421245768897103E-5"/>
                <entry key="10" type="xdouble" value="2.2300569993808625E-4"/>
                <entry key="11" type="xdouble" value="-0.7222290009578789"/>
                <entry key="12" type="xdouble" value="-0.6914087049240617"/>
                <entry key="13" type="xdouble" value="-0.007678075695338205"/>
                <entry key="14" type="xdouble" value="-1.82101546161969E-4"/>
                <entry key="15" type="xdouble" value="-2.39341425571827E-4"/>
                <entry key="16" type="xdouble" value="8.021084751630027E-6"/>
                <entry key="17" type="xdouble" value="1.9529315794005517E-5"/>
                <entry key="18" type="xdouble" value="-6.82297752072152E-6"/>
                <entry key="19" type="xdouble" value="-6.025823964528809E-5"/>
            </config>
            <config key="row_2">
                <entry key="array-size" type="xint" value="20"/>
                <entry key="0" type="xdouble" value="0.9991424616451192"/>
                <entry key="1" type="xdouble" value="-3.6989555276897815E-6"/>
                <entry key="2" type="xdouble" value="6.988717235495789E-5"/>
                <entry key="3" type="xdouble" value="-5.4512163187793874E-5"/>
                <entry key="4" type="xdouble" value="4.2267607036865733E-4"/>
                <entry key="5" type="xdouble" value="2.1877413707643912E-5"/>
                <entry key="6" type="xdouble" value="-1.6161028517533584E-4"/>
                <entry key="7" type="xdouble" value="2.2430593295927802E-5"/>
                <entry key="8" type="xdouble" value="-0.0018238158620377408"/>
                <entry key="9" type="xdouble" value="-1.896218772998739E-4"/>
                <entry key="10" type="xdouble" value="6.829505289616557E-4"/>
                <entry key="11" type="xdouble" value="0.013986686120206817"/>
                <entry key="12" type="xdouble" value="-0.038759689242984764"/>
                <entry key="13" type="xdouble" value="-0.0034449916967519375"/>
                <entry key="14" type="xdouble" value="-3.0287159204453305E-4"/>
                <entry key="15" type="xdouble" value="-2.1720487117400222E-4"/>
                <entry key="16" type="xdouble" value="5.920384377894685E-4"/>
                <entry key="17" type="xdouble" value="2.1765902176954347E-5"/>
                <entry key="18" type="xdouble" value="-1.613293484512741E-5"/>
                <entry key="19" type="xdouble" value="-3.471988145517234E-6"/>
            </config>
            <config key="row_3">
                <entry key="array-size" type="xint" value="20"/>
                <entry key="0" type="xdouble" value="0.0376394693707509"/>
                <entry key="1" type="xdouble" value="-5.3952262073560046E-5"/>
                <entry key="2" type="xdouble" value="-4.789033203504261E-5"/>
                <entry key="3" type="xdouble" value="4.364937298449522E-5"/>
                <entry key="4" type="xdouble" value="1.575302735718368E-4"/>
                <entry key="5" type="xdouble" value="2.485672754138623E-5"/>
                <entry key="6" type="xdouble" value="-0.0011950139567844227"/>
                <entry key="7" type="xdouble" value="-7.832091991107586E-6"/>
                <entry key="8" type="xdouble" value="8.499274935044345E-4"/>
                <entry key="9" type="xdouble" value="1.0281705217665118E-4"/>
                <entry key="10" type="xdouble" value="2.1021841441597324E-4"/>
                <entry key="11" type="xdouble" value="-0.6914267224090351"/>
                <entry key="12" type="xdouble" value="0.7214225625510999"/>
                <entry key="13" type="xdouble" value="-0.007697660644750142"/>
                <entry key="14" type="xdouble" value="-3.4523682975283313E-4"/>
                <entry key="15" type="xdouble" value="-4.056418913126536E-4"/>
                <entry key="16" type="xdouble" value="2.5226525461441755E-4"/>
                <entry key="17" type="xdouble" value="6.285584577255734E-5"/>
                <entry key="18" type="xdouble" value="-2.937891741876974E-5"/>
                <entry key="19" type="xdouble" value="-1.2594741651585714E-5"/>
            </config>
            <config key="row_4">
                <entry key="array-size" type="xint" value="20"/>
                <entry key="0" type="xdouble" value="-0.001777081122835653"/>
                <entry key="1" type="xdouble" value="5.3604613172219885E-5"/>
                <entry key="2" type="xdouble" value="-3.653611594914784E-4"/>
                <entry key="3" type="xdouble" value="6.826995706311486E-5"/>
                <entry key="4" type="xdouble" value="-0.002823107921221158"/>
                <entry key="5" type="xdouble" value="1.8909523374337455E-4"/>
                <entry key="6" type="xdouble" value="0.04263836914266069"/>
                <entry key="7" type="xdouble" value="-1.0951400534433008E-4"/>
                <entry key="8" type="xdouble" value="-0.9990618959317791"/>
                <entry key="9" type="xdouble" value="0.0019287729002110978"/>
                <entry key="10" type="xdouble" value="-0.0046016744505564915"/>
                <entry key="11" type="xdouble" value="-7.220194206396265E-4"/>
                <entry key="12" type="xdouble" value="6.467528251525966E-4"/>
                <entry key="13" type="xdouble" value="-5.058858156802645E-4"/>
                <entry key="14" type="xdouble" value="0.004429302852631915"/>
                <entry key="15" type="xdouble" value="-2.0907057486513957E-4"/>
                <entry key="16" type="xdouble" value="-3.44137990312802E-4"/>
                <entry key="17" type="xdouble" value="6.927287213313738E-5"/>
                <entry key="18" type="xdouble" value="3.0410000957028393E-4"/>
                <entry key="19" type="xdouble" value="1.0774934147210599E-4"/>
            </config>
            <config key="row_5">
                <entry key="array-size" type="xint" value="20"/>
                <entry key="0" type="xdouble" value="2.929403383709547E-4"/>
                <entry key="1" type="xdouble" value="0.0011649024730513505"/>
                <entry key="2" type="xdouble" value="0.0011283484206282353"/>
                <entry key="3" type="xdouble" value="-5.195865215213376E-4"/>
                <entry key="4" type="xdouble" value="-0.005848076736724667"/>
                <entry key="5" type="xdouble" value="3.295633782933804E-4"/>
                <entry key="6" type="xdouble" value="0.9989972654488657"/>
                <entry key="7" type="xdouble" value="5.225974804888076E-5"/>
                <entry key="8" type="xdouble" value="0.042698897796140146"/>
                <entry key="9" type="xdouble" value="-0.00430686151557865"/>
                <entry key="10" type="xdouble" value="-0.008651678469965278"/>
                <entry key="11" type="xdouble" value="-8.041515045375786E-4"/>
                <entry key="12" type="xdouble" value="8.221321364229424E-4"/>
                <entry key="13" type="xdouble" value="-5.765599491159873E-4"/>
                <entry key="14" type="xdouble" value="0.00307926177251691"/>
                <entry key="15" type="xdouble" value="0.003307081401354382"/>
                <entry key="16" type="xdouble" value="-0.005302156691491175"/>
                <entry key="17" type="xdouble" value="-1.382627147938273E-4"/>
                <entry key="18" type="xdouble" value="-4.760524389193961E-4"/>
                <entry key="19" type="xdouble" value="3.709833771232533E-4"/>
            </config>
            <config key="row_6">
                <entry key="array-size" type="xint" value="20"/>
                <entry key="0" type="xdouble" value="7.980579302816799E-4"/>
                <entry key="1" type="xdouble" value="8.476077445021693E-4"/>
                <entry key="2" type="xdouble" value="6.094861891085283E-4"/>
                <entry key="3" type="xdouble" value="0.0011264956142424598"/>
                <entry key="4" type="xdouble" value="-0.5175111613949651"/>
                <entry key="5" type="xdouble" value="4.371862742323764E-4"/>
                <entry key="6" type="xdouble" value="-0.010544561958072289"/>
                <entry key="7" type="xdouble" value="-0.0020708897630663135"/>
                <entry key="8" type="xdouble" value="0.004893630123411973"/>
                <entry key="9" type="xdouble" value="-0.0053945418967830455"/>
                <entry key="10" type="xdouble" value="-0.8545830888197488"/>
                <entry key="11" type="xdouble" value="-3.0198046154836976E-4"/>
                <entry key="12" type="xdouble" value="9.168138000998816E-6"/>
                <entry key="13" type="xdouble" value="2.0335108534080698E-4"/>
                <entry key="14" type="xdouble" value="-0.006109741730208759"/>
                <entry key="15" type="xdouble" value="0.02331032176261719"/>
                <entry key="16" type="xdouble" value="0.03336939101159758"/>
                <entry key="17" type="xdouble" value="1.545304418507214E-4"/>
                <entry key="18" type="xdouble" value="7.729335512546128E-4"/>
                <entry key="19" type="xdouble" value="-0.0018055186458112687"/>
            </config>
            <config key="row_7">
                <entry key="array-size" type="xint" value="20"/>
                <entry key="0" type="xdouble" value="6.982983038020226E-4"/>
                <entry key="1" type="xdouble" value="-0.0030581936933054134"/>
                <entry key="2" type="xdouble" value="7.206499782192595E-4"/>
                <entry key="3" type="xdouble" value="0.0023211770856483563"/>
                <entry key="4" type="xdouble" value="-4.4221164251926877E-4"/>
                <entry key="5" type="xdouble" value="0.004615392914399398"/>
                <entry key="6" type="xdouble" value="-0.006632436564681993"/>
                <entry key="7" type="xdouble" value="-0.0017405637914742823"/>
                <entry key="8" type="xdouble" value="8.919129178061407E-4"/>
                <entry key="9" type="xdouble" value="-0.008460609183493829"/>
                <entry key="10" type="xdouble" value="-0.03350741220096995"/>
                <entry key="11" type="xdouble" value="-3.16869714714721E-4"/>
                <entry key="12" type="xdouble" value="1.822384830461981E-4"/>
                <entry key="13" type="xdouble" value="1.2485250711588344E-4"/>
                <entry key="14" type="xdouble" value="0.1671448213993182"/>
                <entry key="15" type="xdouble" value="0.18565807492589437"/>
                <entry key="16" type="xdouble" value="-0.96761807221418"/>
                <entry key="17" type="xdouble" value="0.0030732577294680305"/>
                <entry key="18" type="xdouble" value="-9.278474408574906E-4"/>
                <entry key="19" type="xdouble" value="0.004371677240784374"/>
            </config>
            <config key="row_8">
                <entry key="array-size" type="xint" value="20"/>
                <entry key="0" type="xdouble" value="-2.0871469716344824E-4"/>
                <entry key="1" type="xdouble" value="4.2572307760971637E-4"/>
                <entry key="2" type="xdouble" value="0.006161621376883499"/>
                <entry key="3" type="xdouble" value="0.004531955622175995"/>
                <entry key="4" type="xdouble" value="-0.006755580881415833"/>
                <entry key="5" type="xdouble" value="-0.001501727568309671"/>
                <entry key="6" type="xdouble" value="0.002903197670037152"/>
                <entry key="7" type="xdouble" value="-5.78352139258963E-4"/>
                <entry key="8" type="xdouble" value="-0.0025492761663361333"/>
                <entry key="9" type="xdouble" value="-0.011388372767094429"/>
                <entry key="10" type="xdouble" value="-0.01972234483720557"/>
                <entry key="11" type="xdouble" value="5.028868360272848E-4"/>
                <entry key="12" type="xdouble" value="-1.1411290391696247E-4"/>
                <entry key="13" type="xdouble" value="2.1384680441914941E-4"/>
                <entry key="14" type="xdouble" value="-0.6743290962521574"/>
                <entry key="15" type="xdouble" value="-0.6947045591508902"/>
                <entry key="16" type="xdouble" value="-0.24902442860390828"/>
                <entry key="17" type="xdouble" value="-0.0017207234023007686"/>
                <entry key="18" type="xdouble" value="2.7871262829611123E-4"/>
                <entry key="19" type="xdouble" value="-0.0029629962172766666"/>
            </config>
            <config key="row_9">
                <entry key="array-size" type="xint" value="20"/>
                <entry key="0" type="xdouble" value="9.012722031769647E-5"/>
                <entry key="1" type="xdouble" value="0.002253894987822398"/>
                <entry key="2" type="xdouble" value="-0.007212162977313021"/>
                <entry key="3" type="xdouble" value="-0.001574310680508729"/>
                <entry key="4" type="xdouble" value="-0.4849030834894253"/>
                <entry key="5" type="xdouble" value="0.0026100461265135093"/>
                <entry key="6" type="xdouble" value="-6.264562255924943E-4"/>
                <entry key="7" type="xdouble" value="0.0023393574226345535"/>
                <entry key="8" type="xdouble" value="0.0028565284169417295"/>
                <entry key="9" type="xdouble" value="-0.003048284753973511"/>
                <entry key="10" type="xdouble" value="0.2730192390113457"/>
                <entry key="11" type="xdouble" value="6.949289150303103E-5"/>
                <entry key="12" type="xdouble" value="5.18030329649824E-5"/>
                <entry key="13" type="xdouble" value="2.132676675923569E-5"/>
                <entry key="14" type="xdouble" value="0.597476588940255"/>
                <entry key="15" type="xdouble" value="-0.5770003229414872"/>
                <entry key="16" type="xdouble" value="-0.0167427281410462"/>
                <entry key="17" type="xdouble" value="-0.005058760024577825"/>
                <entry key="18" type="xdouble" value="-0.0027297634352779062"/>
                <entry key="19" type="xdouble" value="-0.004332098898105222"/>
            </config>
            <config key="row_10">
                <entry key="array-size" type="xint" value="20"/>
                <entry key="0" type="xdouble" value="-2.9322655891638468E-5"/>
                <entry key="1" type="xdouble" value="5.530430763033085E-4"/>
                <entry key="2" type="xdouble" value="0.010357788331640019"/>
                <entry key="3" type="xdouble" value="0.0050511330557042"/>
                <entry key="4" type="xdouble" value="-0.7046870001305932"/>
                <entry key="5" type="xdouble" value="-0.001978524560209441"/>
                <entry key="6" type="xdouble" value="-2.1265053495747162E-4"/>
                <entry key="7" type="xdouble" value="0.003609713871724532"/>
                <entry key="8" type="xdouble" value="-0.0018365648026284122"/>
                <entry key="9" type="xdouble" value="0.03037333182089629"/>
                <entry key="10" type="xdouble" value="0.4395459493588892"/>
                <entry key="11" type="xdouble" value="2.8786013545313385E-5"/>
                <entry key="12" type="xdouble" value="8.097687449484431E-5"/>
                <entry key="13" type="xdouble" value="-1.1639034331908678E-4"/>
                <entry key="14" type="xdouble" value="-0.4000063627758586"/>
                <entry key="15" type="xdouble" value="0.3859621177237296"/>
                <entry key="16" type="xdouble" value="-0.010222824569332883"/>
                <entry key="17" type="xdouble" value="0.0011937193978874554"/>
                <entry key="18" type="xdouble" value="0.0070328295577998055"/>
                <entry key="19" type="xdouble" value="-0.003510616325500048"/>
            </config>
            <config key="row_11">
                <entry key="array-size" type="xint" value="20"/>
                <entry key="0" type="xdouble" value="1.9975605967832233E-4"/>
                <entry key="1" type="xdouble" value="0.00854952963183166"/>
                <entry key="2" type="xdouble" value="-0.004299847952767512"/>
                <entry key="3" type="xdouble" value="-0.004193976846476368"/>
                <entry key="4" type="xdouble" value="0.017088919603959304"/>
                <entry key="5" type="xdouble" value="-0.005211710070758152"/>
                <entry key="6" type="xdouble" value="0.004147026553114801"/>
                <entry key="7" type="xdouble" value="8.092610330020989E-6"/>
                <entry key="8" type="xdouble" value="0.0021829791827950554"/>
                <entry key="9" type="xdouble" value="0.999285898858055"/>
                <entry key="10" type="xdouble" value="-0.017685797727204213"/>
                <entry key="11" type="xdouble" value="8.472021506752831E-5"/>
                <entry key="12" type="xdouble" value="-6.938547145892179E-5"/>
                <entry key="13" type="xdouble" value="-4.309134934363071E-5"/>
                <entry key="14" type="xdouble" value="0.007675974747602603"/>
                <entry key="15" type="xdouble" value="-0.019675291581176563"/>
                <entry key="16" type="xdouble" value="-0.010701388030515924"/>
                <entry key="17" type="xdouble" value="0.0032834344511157285"/>
                <entry key="18" type="xdouble" value="0.0065618538229619975"/>
                <entry key="19" type="xdouble" value="-0.007079965511100589"/>
            </config>
            <config key="row_12">
                <entry key="array-size" type="xint" value="20"/>
                <entry key="0" type="xdouble" value="6.197031469161676E-5"/>
                <entry key="1" type="xdouble" value="-0.018702236982954364"/>
                <entry key="2" type="xdouble" value="-0.9953305533527849"/>
                <entry key="3" type="xdouble" value="-0.003595110952993589"/>
                <entry key="4" type="xdouble" value="-0.004355176172230246"/>
                <entry key="5" type="xdouble" value="0.06573668191831315"/>
                <entry key="6" type="xdouble" value="0.0011024349223020225"/>
                <entry key="7" type="xdouble" value="0.005770796819200599"/>
                <entry key="8" type="xdouble" value="3.553064385251562E-4"/>
                <entry key="9" type="xdouble" value="-0.003664516949481604"/>
                <entry key="10" type="xdouble" value="0.002084341753172641"/>
                <entry key="11" type="xdouble" value="2.130010397219502E-5"/>
                <entry key="12" type="xdouble" value="-5.978584993162582E-5"/>
                <entry key="13" type="xdouble" value="-3.781517170227109E-6"/>
                <entry key="14" type="xdouble" value="-0.012739959897833898"/>
                <entry key="15" type="xdouble" value="0.003927236523003416"/>
                <entry key="16" type="xdouble" value="-0.0017315974662177158"/>
                <entry key="17" type="xdouble" value="0.059539517427902276"/>
                <entry key="18" type="xdouble" value="-0.025123850089983923"/>
                <entry key="19" type="xdouble" value="-0.014310738617354891"/>
            </config>
            <config key="row_13">
                <entry key="array-size" type="xint" value="20"/>
                <entry key="0" type="xdouble" value="-4.203058134170103E-5"/>
                <entry key="1" type="xdouble" value="-0.06186176707599787"/>
                <entry key="2" type="xdouble" value="0.08714631022662353"/>
                <entry key="3" type="xdouble" value="-0.029252446926663175"/>
                <entry key="4" type="xdouble" value="4.828221329162631E-5"/>
                <entry key="5" type="xdouble" value="0.7813483541717325"/>
                <entry key="6" type="xdouble" value="-1.0065256016146598E-4"/>
                <entry key="7" type="xdouble" value="0.0020833989162803855"/>
                <entry key="8" type="xdouble" value="1.6964632538308264E-4"/>
                <entry key="9" type="xdouble" value="0.0017979952813904315"/>
                <entry key="10" type="xdouble" value="7.304219996638703E-4"/>
                <entry key="11" type="xdouble" value="5.423167528187884E-5"/>
                <entry key="12" type="xdouble" value="-2.389241570471986E-5"/>
                <entry key="13" type="xdouble" value="-3.1866915791950395E-6"/>
                <entry key="14" type="xdouble" value="-5.908941433906124E-4"/>
                <entry key="15" type="xdouble" value="-0.003505550763877529"/>
                <entry key="16" type="xdouble" value="0.004659156871327834"/>
                <entry key="17" type="xdouble" value="0.6028460721392168"/>
                <entry key="18" type="xdouble" value="0.102727858800638"/>
                <entry key="19" type="xdouble" value="-0.056557822914226466"/>
            </config>
            <config key="row_14">
                <entry key="array-size" type="xint" value="20"/>
                <entry key="0" type="xdouble" value="-3.928957163374847E-5"/>
                <entry key="1" type="xdouble" value="-0.7126247522471055"/>
                <entry key="2" type="xdouble" value="0.010460475303958472"/>
                <entry key="3" type="xdouble" value="-0.6949695276248928"/>
                <entry key="4" type="xdouble" value="-0.0039544099791006095"/>
                <entry key="5" type="xdouble" value="-0.07125045026443887"/>
                <entry key="6" type="xdouble" value="4.632198170982254E-4"/>
                <entry key="7" type="xdouble" value="0.021760482807965813"/>
                <entry key="8" type="xdouble" value="-8.392871927477307E-5"/>
                <entry key="9" type="xdouble" value="0.003447590692665682"/>
                <entry key="10" type="xdouble" value="4.921779566500465E-4"/>
                <entry key="11" type="xdouble" value="5.2813860480063165E-6"/>
                <entry key="12" type="xdouble" value="-6.782068353464979E-7"/>
                <entry key="13" type="xdouble" value="2.2054771044647342E-5"/>
                <entry key="14" type="xdouble" value="-0.0034142305601917583"/>
                <entry key="15" type="xdouble" value="-0.0015145522554884726"/>
                <entry key="16" type="xdouble" value="-4.7163601341197096E-4"/>
                <entry key="17" type="xdouble" value="-0.008168624364537204"/>
                <entry key="18" type="xdouble" value="-0.01558432866955659"/>
                <entry key="19" type="xdouble" value="0.0563204330730375"/>
            </config>
            <config key="row_15">
                <entry key="array-size" type="xint" value="20"/>
                <entry key="0" type="xdouble" value="1.1882285301836574E-5"/>
                <entry key="1" type="xdouble" value="0.17123643870705482"/>
                <entry key="2" type="xdouble" value="-0.03407958687448187"/>
                <entry key="3" type="xdouble" value="-0.14211825104201423"/>
                <entry key="4" type="xdouble" value="-4.6028384901607925E-4"/>
                <entry key="5" type="xdouble" value="-0.04357910021396678"/>
                <entry key="6" type="xdouble" value="-8.900282471470068E-5"/>
                <entry key="7" type="xdouble" value="-0.011336664446195435"/>
                <entry key="8" type="xdouble" value="3.0557588236929134E-4"/>
                <entry key="9" type="xdouble" value="-0.003502905361413503"/>
                <entry key="10" type="xdouble" value="-3.980652316437328E-4"/>
                <entry key="11" type="xdouble" value="-6.0363134972400415E-5"/>
                <entry key="12" type="xdouble" value="2.7872665950110017E-6"/>
                <entry key="13" type="xdouble" value="6.932650278661262E-6"/>
                <entry key="14" type="xdouble" value="0.001686553657123863"/>
                <entry key="15" type="xdouble" value="-0.00481492108903927"/>
                <entry key="16" type="xdouble" value="1.8822429307579626E-4"/>
                <entry key="17" type="xdouble" value="-0.005902114061727334"/>
                <entry key="18" type="xdouble" value="0.7789965791748149"/>
                <entry key="19" type="xdouble" value="0.5834227404950679"/>
            </config>
            <config key="row_16">
                <entry key="array-size" type="xint" value="20"/>
                <entry key="0" type="xdouble" value="5.603102173463854E-6"/>
                <entry key="1" type="xdouble" value="-0.24031586202325936"/>
                <entry key="2" type="xdouble" value="0.011802505211788187"/>
                <entry key="3" type="xdouble" value="0.313504122213043"/>
                <entry key="4" type="xdouble" value="-0.005544831113650055"/>
                <entry key="5" type="xdouble" value="0.05315303208019353"/>
                <entry key="6" type="xdouble" value="-1.6290914873049654E-5"/>
                <entry key="7" type="xdouble" value="-0.027188792120338787"/>
                <entry key="8" type="xdouble" value="-1.3771515380973483E-5"/>
                <entry key="9" type="xdouble" value="0.012242157112252553"/>
                <entry key="10" type="xdouble" value="0.0016375105560731602"/>
                <entry key="11" type="xdouble" value="-1.158058398054404E-6"/>
                <entry key="12" type="xdouble" value="-5.666258122153721E-5"/>
                <entry key="13" type="xdouble" value="-8.429014706715431E-6"/>
                <entry key="14" type="xdouble" value="-0.0014780890224133866"/>
                <entry key="15" type="xdouble" value="-0.0024077678278836465"/>
                <entry key="16" type="xdouble" value="0.005165084843322301"/>
                <entry key="17" type="xdouble" value="0.07377680807349754"/>
                <entry key="18" type="xdouble" value="-0.4720675695832485"/>
                <entry key="19" type="xdouble" value="0.7821450689101677"/>
            </config>
            <config key="row_17">
                <entry key="array-size" type="xint" value="20"/>
                <entry key="0" type="xdouble" value="3.9129227684511264E-5"/>
                <entry key="1" type="xdouble" value="-0.6323784700738325"/>
                <entry key="2" type="xdouble" value="-0.004251271283401518"/>
                <entry key="3" type="xdouble" value="0.6298215912218054"/>
                <entry key="4" type="xdouble" value="0.0037477397437299374"/>
                <entry key="5" type="xdouble" value="-0.05681033358685783"/>
                <entry key="6" type="xdouble" value="0.0013644341205922182"/>
                <entry key="7" type="xdouble" value="0.0023488854637879193"/>
                <entry key="8" type="xdouble" value="1.8399494618775736E-4"/>
                <entry key="9" type="xdouble" value="0.003720701021361492"/>
                <entry key="10" type="xdouble" value="-0.0013729047374253778"/>
                <entry key="11" type="xdouble" value="3.9049787080892003E-5"/>
                <entry key="12" type="xdouble" value="-2.948702884959318E-5"/>
                <entry key="13" type="xdouble" value="-4.848152928604718E-6"/>
                <entry key="14" type="xdouble" value="0.006102384578281541"/>
                <entry key="15" type="xdouble" value="-0.001946366279541672"/>
                <entry key="16" type="xdouble" value="0.002491751296747304"/>
                <entry key="17" type="xdouble" value="-0.04659008555900113"/>
                <entry key="18" type="xdouble" value="0.3984403580521847"/>
                <entry key="19" type="xdouble" value="-0.1979064538210671"/>
            </config>
            <config key="row_18">
                <entry key="array-size" type="xint" value="20"/>
                <entry key="0" type="xdouble" value="-5.107694942468813E-6"/>
                <entry key="1" type="xdouble" value="-0.0181959801790603"/>
                <entry key="2" type="xdouble" value="-0.003592977308090058"/>
                <entry key="3" type="xdouble" value="-0.009568104608001643"/>
                <entry key="4" type="xdouble" value="0.0021337939089998816"/>
                <entry key="5" type="xdouble" value="0.5356886027504927"/>
                <entry key="6" type="xdouble" value="-2.7878853891954113E-4"/>
                <entry key="7" type="xdouble" value="0.4788768785806006"/>
                <entry key="8" type="xdouble" value="-7.732738302587669E-6"/>
                <entry key="9" type="xdouble" value="0.005495200010745197"/>
                <entry key="10" type="xdouble" value="-0.0023505701499441796"/>
                <entry key="11" type="xdouble" value="-3.580463099264627E-5"/>
                <entry key="12" type="xdouble" value="1.2166685135712704E-5"/>
                <entry key="13" type="xdouble" value="6.73295496724189E-7"/>
                <entry key="14" type="xdouble" value="-0.0036308382606524787"/>
                <entry key="15" type="xdouble" value="0.003423345944236251"/>
                <entry key="16" type="xdouble" value="-2.142074931432099E-4"/>
                <entry key="17" type="xdouble" value="-0.6937220188743531"/>
                <entry key="18" type="xdouble" value="6.480529025241522E-4"/>
                <entry key="19" type="xdouble" value="0.044307357247418806"/>
            </config>
            <config key="row_19">
                <entry key="array-size" type="xint" value="20"/>
                <entry key="0" type="xdouble" value="1.887692282173845E-5"/>
                <entry key="1" type="xdouble" value="-0.024330238429049026"/>
                <entry key="2" type="xdouble" value="-0.00796427042691665"/>
                <entry key="3" type="xdouble" value="-0.02874805420593278"/>
                <entry key="4" type="xdouble" value="-0.00173989473961755"/>
                <entry key="5" type="xdouble" value="0.2917549536977536"/>
                <entry key="6" type="xdouble" value="-4.0557334358857616E-5"/>
                <entry key="7" type="xdouble" value="-0.8770782950209356"/>
                <entry key="8" type="xdouble" value="1.0907906126740878E-4"/>
                <entry key="9" type="xdouble" value="0.0029043963579816648"/>
                <entry key="10" type="xdouble" value="0.003329364301295652"/>
                <entry key="11" type="xdouble" value="-5.138466281633917E-6"/>
                <entry key="12" type="xdouble" value="5.466474189163224E-6"/>
                <entry key="13" type="xdouble" value="-2.8068260669481135E-6"/>
                <entry key="14" type="xdouble" value="-0.002037566688369824"/>
                <entry key="15" type="xdouble" value="0.0020648567947061662"/>
                <entry key="16" type="xdouble" value="0.001633714305304313"/>
                <entry key="17" type="xdouble" value="-0.37949433390953435"/>
                <entry key="18" type="xdouble" value="0.00569928258096714"/>
                <entry key="19" type="xdouble" value="-0.006985246045146014"/>
            </config>
        </config>
    </config>
</config>
