<?xml version="1.0" encoding="UTF-8"?>
<config xmlns="http://www.knime.org/2008/09/XMLConfig" xmlns:xsi="http://www.w3.org/2001/XMLSchema-instance" xsi:schemaLocation="http://www.knime.org/2008/09/XMLConfig http://www.knime.org/XMLConfig_2008_09.xsd" key="model.xml">
    <entry key="version" type="xint" value="1"/>
    <entry key="class_name" type="xstring" value="org.knime.base.algorithms.outlier.NumericOutliersPortObject"/>
    <config key="model">
        <entry key="summary" type="xstring" value="Outlier treatment for columns: &quot;age&quot;, &quot;job&quot;, &quot;marital&quot;,  ... &lt;17 more&gt;"/>
        <config key="group-col-types">
            <entry key="array-size" type="xint" value="0"/>
        </config>
        <config key="outlier-treatment">
            <entry key="outlier-treatment" type="xstring" value="Remove outlier rows"/>
            <entry key="replacement-strategy" type="xstring" value="Missing values"/>
            <entry key="detection-option" type="xstring" value="All outliers"/>
            <entry key="update-domain" type="xboolean" value="false"/>
        </config>
        <config key="permitted intervals">
            <config key="groups">
                <entry key="array-size" type="xint" value="0"/>
            </config>
            <config key="outliers">
                <entry key="array-size" type="xint" value="20"/>
                <entry key="0" type="xstring" value="age"/>
                <entry key="1" type="xstring" value="job"/>
                <entry key="2" type="xstring" value="marital"/>
                <entry key="3" type="xstring" value="education"/>
                <entry key="4" type="xstring" value="default"/>
                <entry key="5" type="xstring" value="housing"/>
                <entry key="6" type="xstring" value="loan"/>
                <entry key="7" type="xstring" value="contact"/>
                <entry key="8" type="xstring" value="month"/>
                <entry key="9" type="xstring" value="day_of_week"/>
                <entry key="10" type="xstring" value="duration"/>
                <entry key="11" type="xstring" value="campaign"/>
                <entry key="12" type="xstring" value="pdays"/>
                <entry key="13" type="xstring" value="previous"/>
                <entry key="14" type="xstring" value="poutcome"/>
                <entry key="15" type="xstring" value="emp.var.rate"/>
                <entry key="16" type="xstring" value="cons.price.idx"/>
                <entry key="17" type="xstring" value="cons.conf.idx"/>
                <entry key="18" type="xstring" value="euribor3m"/>
                <entry key="19" type="xstring" value="nr.employed"/>
            </config>
            <config key="data">
                <config key="row0">
                    <config key="key">
                        <config key="group-key">
                            <entry key="array-size" type="xint" value="0"/>
                        </config>
                    </config>
                    <config key="interval-columns">
                        <config key="interval0">
                            <entry key="outlier" type="xstring" value="cons.conf.idx"/>
                            <config key="interval">
                                <entry key="array-size" type="xint" value="2"/>
                                <entry key="0" type="xdouble" value="-4.229092818403109"/>
                                <entry key="1" type="xdouble" value="4.423090335478527"/>
                            </config>
                        </config>
                        <config key="interval1">
                            <entry key="outlier" type="xstring" value="loan"/>
                            <config key="interval">
                                <entry key="array-size" type="xint" value="2"/>
                                <entry key="0" type="xdouble" value="-0.4343289704720811"/>
                                <entry key="1" type="xdouble" value="-0.4343289704720811"/>
                            </config>
                        </config>
                        <config key="interval2">
                            <entry key="outlier" type="xstring" value="education"/>
                            <config key="interval">
                                <entry key="array-size" type="xint" value="2"/>
                                <entry key="0" type="xdouble" value="-7.849955207367681"/>
                                <entry key="1" type="xdouble" value="7.940288863389349"/>
                            </config>
                        </config>
                        <config key="interval3">
                            <entry key="outlier" type="xstring" value="previous"/>
                            <config key="interval">
                                <entry key="array-size" type="xint" value="2"/>
                                <entry key="0" type="xdouble" value="-0.4544667227491842"/>
                                <entry key="1" type="xdouble" value="-0.4544667227491842"/>
                            </config>
                        </config>
                        <config key="interval4">
                            <entry key="outlier" type="xstring" value="housing"/>
                            <config key="interval">
                                <entry key="array-size" type="xint" value="2"/>
                                <entry key="0" type="xdouble" value="-6.631355487624234"/>
                                <entry key="1" type="xdouble" value="6.341658842630013"/>
                            </config>
                        </config>
                        <config key="interval5">
                            <entry key="outlier" type="xstring" value="cons.price.idx"/>
                            <config key="interval">
                                <entry key="array-size" type="xint" value="2"/>
                                <entry key="0" type="xdouble" value="-5.992939613387222"/>
                                <entry key="1" type="xdouble" value="5.898052457880567"/>
                            </config>
                        </config>
                        <config key="interval6">
                            <entry key="outlier" type="xstring" value="poutcome"/>
                            <config key="interval">
                                <entry key="array-size" type="xint" value="2"/>
                                <entry key="0" type="xdouble" value="-0.4927510913795771"/>
                                <entry key="1" type="xdouble" value="-0.4927510913795771"/>
                            </config>
                        </config>
                        <config key="interval7">
                            <entry key="outlier" type="xstring" value="euribor3m"/>
                            <config key="interval">
                                <entry key="array-size" type="xint" value="2"/>
                                <entry key="0" type="xdouble" value="-7.00779865897133"/>
                                <entry key="1" type="xdouble" value="7.032110224081668"/>
                            </config>
                        </config>
                        <config key="interval8">
                            <entry key="outlier" type="xstring" value="duration"/>
                            <config key="interval">
                                <entry key="array-size" type="xint" value="2"/>
                                <entry key="0" type="xdouble" value="-4.054266770647993"/>
                                <entry key="1" type="xdouble" value="3.7608441554569163"/>
                            </config>
                        </config>
                        <config key="interval9">
                            <entry key="outlier" type="xstring" value="marital"/>
                            <config key="interval">
                                <entry key="array-size" type="xint" value="2"/>
                                <entry key="0" type="xdouble" value="-5.11024434054115"/>
                                <entry key="1" type="xdouble" value="5.0151392855315144"/>
                            </config>
                        </config>
                        <config key="interval10">
                            <entry key="outlier" type="xstring" value="default"/>
                            <config key="interval">
                                <entry key="array-size" type="xint" value="2"/>
                                <entry key="0" type="xdouble" value="-0.43526926492778306"/>
                                <entry key="1" type="xdouble" value="-0.43526926492778306"/>
                            </config>
                        </config>
                        <config key="interval11">
                            <entry key="outlier" type="xstring" value="month"/>
                            <config key="interval">
                                <entry key="array-size" type="xint" value="2"/>
                                <entry key="0" type="xdouble" value="-6.528807986231965"/>
                                <entry key="1" type="xdouble" value="6.311576047894476"/>
                            </config>
                        </config>
                        <config key="interval12">
                            <entry key="outlier" type="xstring" value="contact"/>
                            <config key="interval">
                                <entry key="array-size" type="xint" value="2"/>
                                <entry key="0" type="xdouble" value="-8.28533166955647"/>
                                <entry key="1" type="xdouble" value="7.305238412068204"/>
                            </config>
                        </config>
                        <config key="interval13">
                            <entry key="outlier" type="xstring" value="campaign"/>
                            <config key="interval">
                                <entry key="array-size" type="xint" value="2"/>
                                <entry key="0" type="xdouble" value="-2.9166690578729906"/>
                                <entry key="1" type="xdouble" value="2.5709272466096076"/>
                            </config>
                        </config>
                        <config key="interval14">
                            <entry key="outlier" type="xstring" value="job"/>
                            <config key="interval">
                                <entry key="array-size" type="xint" value="2"/>
                                <entry key="0" type="xdouble" value="-4.182551091104479"/>
                                <entry key="1" type="xdouble" value="3.9215950266034785"/>
                            </config>
                        </config>
                        <config key="interval15">
                            <entry key="outlier" type="xstring" value="emp.var.rate"/>
                            <config key="interval">
                                <entry key="array-size" type="xint" value="2"/>
                                <entry key="0" type="xdouble" value="-6.576684437397524"/>
                                <entry key="1" type="xdouble" value="6.804362822427187"/>
                            </config>
                        </config>
                        <config key="interval16">
                            <entry key="outlier" type="xstring" value="age"/>
                            <config key="interval">
                                <entry key="array-size" type="xint" value="2"/>
                                <entry key="0" type="xdouble" value="-4.772632150581712"/>
                                <entry key="1" type="xdouble" value="4.629490814222899"/>
                            </config>
                        </config>
                        <config key="interval17">
                            <entry key="outlier" type="xstring" value="pdays"/>
                            <config key="interval">
                                <entry key="array-size" type="xint" value="2"/>
                                <entry key="0" type="xdouble" value="0.3431484091375605"/>
                                <entry key="1" type="xdouble" value="0.3431484091375605"/>
                            </config>
                        </config>
                        <config key="interval18">
                            <entry key="outlier" type="xstring" value="day_of_week"/>
                            <config key="interval">
                                <entry key="array-size" type="xint" value="2"/>
                                <entry key="0" type="xdouble" value="-5.014026384584157"/>
                                <entry key="1" type="xdouble" value="5.019301179989907"/>
                            </config>
                        </config>
                        <config key="interval19">
                            <entry key="outlier" type="xstring" value="nr.employed"/>
                            <config key="interval">
                                <entry key="array-size" type="xint" value="2"/>
                                <entry key="0" type="xdouble" value="-5.594981997696124"/>
                                <entry key="1" type="xdouble" value="6.040517748414825"/>
                            </config>
                        </config>
                    </config>
                </config>
            </config>
        </config>
    </config>
</config>
