<?xml version="1.0" encoding="UTF-8"?>
<config xmlns="http://www.knime.org/2008/09/XMLConfig" xmlns:xsi="http://www.w3.org/2001/XMLSchema-instance" xsi:schemaLocation="http://www.knime.org/2008/09/XMLConfig http://www.knime.org/XMLConfig_2008_09.xsd" key="model.xml">
    <entry key="version" type="xint" value="1"/>
    <entry key="class_name" type="xstring" value="org.knime.base.data.normalize.NormalizerPortObject"/>
    <config key="model">
        <config key="columns">
            <config key="amount_tsh">
                <entry key="column_name" type="xstring" value="amount_tsh"/>
                <entry key="column_scale" type="xdouble" value="3.261796882876559E-4"/>
                <entry key="column_translate" type="xdouble" value="-0.1049040779594021"/>
                <entry key="column_min" type="xdouble" value="NaN"/>
                <entry key="column_max" type="xdouble" value="NaN"/>
            </config>
            <config key="date_recorded">
                <entry key="column_name" type="xstring" value="date_recorded"/>
                <entry key="column_scale" type="xdouble" value="0.013296924496874689"/>
                <entry key="column_translate" type="xdouble" value="-1.5893579719221247"/>
                <entry key="column_min" type="xdouble" value="NaN"/>
                <entry key="column_max" type="xdouble" value="NaN"/>
            </config>
            <config key="funder">
                <entry key="column_name" type="xstring" value="funder"/>
                <entry key="column_scale" type="xdouble" value="0.004088531569729202"/>
                <entry key="column_translate" type="xdouble" value="-0.5514955755214908"/>
                <entry key="column_min" type="xdouble" value="NaN"/>
                <entry key="column_max" type="xdouble" value="NaN"/>
            </config>
            <config key="gps_height">
                <entry key="column_name" type="xstring" value="gps_height"/>
                <entry key="column_scale" type="xdouble" value="0.0014359464066704137"/>
                <entry key="column_translate" type="xdouble" value="-0.9642182389123382"/>
                <entry key="column_min" type="xdouble" value="NaN"/>
                <entry key="column_max" type="xdouble" value="NaN"/>
            </config>
            <config key="installer">
                <entry key="column_name" type="xstring" value="installer"/>
                <entry key="column_scale" type="xdouble" value="0.003429622813185037"/>
                <entry key="column_translate" type="xdouble" value="-0.49284351641276797"/>
                <entry key="column_min" type="xdouble" value="NaN"/>
                <entry key="column_max" type="xdouble" value="NaN"/>
            </config>
            <config key="longitude">
                <entry key="column_name" type="xstring" value="longitude"/>
                <entry key="column_scale" type="xdouble" value="0.16280438370252565"/>
                <entry key="column_translate" type="xdouble" value="-5.584131718745446"/>
                <entry key="column_min" type="xdouble" value="NaN"/>
                <entry key="column_max" type="xdouble" value="NaN"/>
            </config>
            <config key="latitude">
                <entry key="column_name" type="xstring" value="latitude"/>
                <entry key="column_scale" type="xdouble" value="0.34135964450865686"/>
                <entry key="column_translate" type="xdouble" value="1.9623484133063918"/>
                <entry key="column_min" type="xdouble" value="NaN"/>
                <entry key="column_max" type="xdouble" value="NaN"/>
            </config>
            <config key="wpt_name">
                <entry key="column_name" type="xstring" value="wpt_name"/>
                <entry key="column_scale" type="xdouble" value="9.021422790486252E-5"/>
                <entry key="column_translate" type="xdouble" value="-1.1228087339090176"/>
                <entry key="column_min" type="xdouble" value="NaN"/>
                <entry key="column_max" type="xdouble" value="NaN"/>
            </config>
            <config key="num_private">
                <entry key="column_name" type="xstring" value="num_private"/>
                <entry key="column_scale" type="xdouble" value="0.0791312683112606"/>
                <entry key="column_translate" type="xdouble" value="-0.03855212527278821"/>
                <entry key="column_min" type="xdouble" value="NaN"/>
                <entry key="column_max" type="xdouble" value="NaN"/>
            </config>
            <config key="subvillage">
                <entry key="column_name" type="xstring" value="subvillage"/>
                <entry key="column_scale" type="xdouble" value="1.939380795461331E-4"/>
                <entry key="column_translate" type="xdouble" value="-1.1185557402526527"/>
                <entry key="column_min" type="xdouble" value="NaN"/>
                <entry key="column_max" type="xdouble" value="NaN"/>
            </config>
            <config key="region">
                <entry key="column_name" type="xstring" value="region"/>
                <entry key="column_scale" type="xdouble" value="0.16359306373744895"/>
                <entry key="column_translate" type="xdouble" value="-1.5893946877039558"/>
                <entry key="column_min" type="xdouble" value="NaN"/>
                <entry key="column_max" type="xdouble" value="NaN"/>
            </config>
            <config key="region_code">
                <entry key="column_name" type="xstring" value="region_code"/>
                <entry key="column_scale" type="xdouble" value="0.05655777335270942"/>
                <entry key="column_translate" type="xdouble" value="-0.8645146695954644"/>
                <entry key="column_min" type="xdouble" value="NaN"/>
                <entry key="column_max" type="xdouble" value="NaN"/>
            </config>
            <config key="lga">
                <entry key="column_name" type="xstring" value="lga"/>
                <entry key="column_scale" type="xdouble" value="0.029959165149405435"/>
                <entry key="column_translate" type="xdouble" value="-1.5226639764352266"/>
                <entry key="column_min" type="xdouble" value="NaN"/>
                <entry key="column_max" type="xdouble" value="NaN"/>
            </config>
            <config key="ward">
                <entry key="column_name" type="xstring" value="ward"/>
                <entry key="column_scale" type="xdouble" value="0.0019104182016531715"/>
                <entry key="column_translate" type="xdouble" value="-1.4191026731373257"/>
                <entry key="column_min" type="xdouble" value="NaN"/>
                <entry key="column_max" type="xdouble" value="NaN"/>
            </config>
            <config key="population">
                <entry key="column_name" type="xstring" value="population"/>
                <entry key="column_scale" type="xdouble" value="0.002108079594056375"/>
                <entry key="column_translate" type="xdouble" value="-0.38005889337256205"/>
                <entry key="column_min" type="xdouble" value="NaN"/>
                <entry key="column_max" type="xdouble" value="NaN"/>
            </config>
            <config key="public_meeting">
                <entry key="column_name" type="xstring" value="public_meeting"/>
                <entry key="column_scale" type="xdouble" value="3.609983886823681"/>
                <entry key="column_translate" type="xdouble" value="-0.30232296116619706"/>
                <entry key="column_min" type="xdouble" value="NaN"/>
                <entry key="column_max" type="xdouble" value="NaN"/>
            </config>
            <config key="recorded_by">
                <entry key="column_name" type="xstring" value="recorded_by"/>
                <entry key="column_scale" type="xdouble" value="1.0"/>
                <entry key="column_translate" type="xdouble" value="-0.0"/>
                <entry key="column_min" type="xdouble" value="NaN"/>
                <entry key="column_max" type="xdouble" value="NaN"/>
            </config>
            <config key="scheme_name">
                <entry key="column_name" type="xstring" value="scheme_name"/>
                <entry key="column_scale" type="xdouble" value="0.001895486208116837"/>
                <entry key="column_translate" type="xdouble" value="-0.597795324702697"/>
                <entry key="column_min" type="xdouble" value="NaN"/>
                <entry key="column_max" type="xdouble" value="NaN"/>
            </config>
            <config key="permit">
                <entry key="column_name" type="xstring" value="permit"/>
                <entry key="column_scale" type="xdouble" value="2.195814156603384"/>
                <entry key="column_translate" type="xdouble" value="-1.5511378219703715"/>
                <entry key="column_min" type="xdouble" value="NaN"/>
                <entry key="column_max" type="xdouble" value="NaN"/>
            </config>
            <config key="construction_year">
                <entry key="column_name" type="xstring" value="construction_year"/>
                <entry key="column_scale" type="xdouble" value="0.0010544714053349446"/>
                <entry key="column_translate" type="xdouble" value="-1.3824298539668403"/>
                <entry key="column_min" type="xdouble" value="NaN"/>
                <entry key="column_max" type="xdouble" value="NaN"/>
            </config>
            <config key="extraction_type">
                <entry key="column_name" type="xstring" value="extraction_type"/>
                <entry key="column_scale" type="xdouble" value="0.3428642290074493"/>
                <entry key="column_translate" type="xdouble" value="-0.8374195652696156"/>
                <entry key="column_min" type="xdouble" value="NaN"/>
                <entry key="column_max" type="xdouble" value="NaN"/>
            </config>
            <config key="management">
                <entry key="column_name" type="xstring" value="management"/>
                <entry key="column_scale" type="xdouble" value="0.4444063854386789"/>
                <entry key="column_translate" type="xdouble" value="-0.5209388722725715"/>
                <entry key="column_min" type="xdouble" value="NaN"/>
                <entry key="column_max" type="xdouble" value="NaN"/>
            </config>
            <config key="payment">
                <entry key="column_name" type="xstring" value="payment"/>
                <entry key="column_scale" type="xdouble" value="0.5525731973088807"/>
                <entry key="column_translate" type="xdouble" value="-1.2763665411542322"/>
                <entry key="column_min" type="xdouble" value="NaN"/>
                <entry key="column_max" type="xdouble" value="NaN"/>
            </config>
            <config key="water_quality">
                <entry key="column_name" type="xstring" value="water_quality"/>
                <entry key="column_scale" type="xdouble" value="1.1211076975393035"/>
                <entry key="column_translate" type="xdouble" value="-0.3334442098067672"/>
                <entry key="column_min" type="xdouble" value="NaN"/>
                <entry key="column_max" type="xdouble" value="NaN"/>
            </config>
            <config key="quantity">
                <entry key="column_name" type="xstring" value="quantity"/>
                <entry key="column_scale" type="xdouble" value="1.0059718414234677"/>
                <entry key="column_translate" type="xdouble" value="-0.7323214942766333"/>
                <entry key="column_min" type="xdouble" value="NaN"/>
                <entry key="column_max" type="xdouble" value="NaN"/>
            </config>
            <config key="source">
                <entry key="column_name" type="xstring" value="source"/>
                <entry key="column_scale" type="xdouble" value="0.4140929750585427"/>
                <entry key="column_translate" type="xdouble" value="-1.338910392259894"/>
                <entry key="column_min" type="xdouble" value="NaN"/>
                <entry key="column_max" type="xdouble" value="NaN"/>
            </config>
            <config key="waterpoint_type">
                <entry key="column_name" type="xstring" value="waterpoint_type"/>
                <entry key="column_scale" type="xdouble" value="0.8574870177803755"/>
                <entry key="column_translate" type="xdouble" value="-0.9346846671671678"/>
                <entry key="column_min" type="xdouble" value="NaN"/>
                <entry key="column_max" type="xdouble" value="NaN"/>
            </config>
        </config>
        <entry key="summary" type="xstring" value="Z-Score (Gaussian) normalization on 27 column(s)"/>
    </config>
</config>
