<?xml version="1.0" encoding="UTF-8"?>
<config xmlns="http://www.knime.org/2008/09/XMLConfig" xmlns:xsi="http://www.w3.org/2001/XMLSchema-instance" xsi:schemaLocation="http://www.knime.org/2008/09/XMLConfig http://www.knime.org/XMLConfig_2008_09.xsd" key="model.xml">
    <entry key="version" type="xint" value="1"/>
    <entry key="class_name" type="xstring" value="org.knime.base.data.normalize.NormalizerPortObject"/>
    <config key="model">
        <config key="columns">
            <config key="Age">
                <entry key="column_name" type="xstring" value="Age"/>
                <entry key="column_scale" type="xdouble" value="0.10423970888638961"/>
                <entry key="column_translate" type="xdouble" value="-5.454567976727931"/>
                <entry key="column_min" type="xdouble" value="NaN"/>
                <entry key="column_max" type="xdouble" value="NaN"/>
            </config>
            <config key="RestingBP">
                <entry key="column_name" type="xstring" value="RestingBP"/>
                <entry key="column_scale" type="xdouble" value="0.05899148371544718"/>
                <entry key="column_translate" type="xdouble" value="-7.774616303411741"/>
                <entry key="column_min" type="xdouble" value="NaN"/>
                <entry key="column_max" type="xdouble" value="NaN"/>
            </config>
            <config key="Cholesterol">
                <entry key="column_name" type="xstring" value="Cholesterol"/>
                <entry key="column_scale" type="xdouble" value="0.019609328594426625"/>
                <entry key="column_translate" type="xdouble" value="-4.65774007054202"/>
                <entry key="column_min" type="xdouble" value="NaN"/>
                <entry key="column_max" type="xdouble" value="NaN"/>
            </config>
            <config key="FastingBS">
                <entry key="column_name" type="xstring" value="FastingBS"/>
                <entry key="column_scale" type="xdouble" value="1.0"/>
                <entry key="column_translate" type="xdouble" value="-0.0"/>
                <entry key="column_min" type="xdouble" value="NaN"/>
                <entry key="column_max" type="xdouble" value="NaN"/>
            </config>
            <config key="MaxHR">
                <entry key="column_name" type="xstring" value="MaxHR"/>
                <entry key="column_scale" type="xdouble" value="0.03895021894565383"/>
                <entry key="column_translate" type="xdouble" value="-5.424419071807994"/>
                <entry key="column_min" type="xdouble" value="NaN"/>
                <entry key="column_max" type="xdouble" value="NaN"/>
            </config>
            <config key="Oldpeak">
                <entry key="column_name" type="xstring" value="Oldpeak"/>
                <entry key="column_scale" type="xdouble" value="0.9708522179547046"/>
                <entry key="column_translate" type="xdouble" value="-0.8148366660570454"/>
                <entry key="column_min" type="xdouble" value="NaN"/>
                <entry key="column_max" type="xdouble" value="NaN"/>
            </config>
        </config>
        <entry key="summary" type="xstring" value="Z-Score (Gaussian) normalization on 6 column(s)"/>
    </config>
</config>
